region	ring	station	sector	layer	subsector	roll	strip	rawId	eff	noise
0	2	2	4	1	1	1	1	637567421	0	0.194817
0	2	2	4	1	1	1	2	637567421	0	0.194817
0	2	2	4	1	1	1	3	637567421	0	0.194817
0	2	2	4	1	1	1	4	637567421	0	0.194817
0	2	2	4	1	1	1	5	637567421	0	0.194817
0	2	2	4	1	1	1	6	637567421	0	0.194817
0	2	2	4	1	1	1	7	637567421	0	0.194817
0	2	2	4	1	1	1	8	637567421	0	0.194817
0	2	2	4	1	1	1	9	637567421	0	0.194817
0	2	2	4	1	1	1	10	637567421	0	0.194817
0	2	2	4	1	1	1	11	637567421	0	0.194817
0	2	2	4	1	1	1	12	637567421	0	0.194817
0	2	2	4	1	1	1	13	637567421	0	0.194817
0	2	2	4	1	1	1	14	637567421	0	0.194817
0	2	2	4	1	1	1	15	637567421	0	0.194817
0	2	2	4	1	1	1	16	637567421	0	0.194817
0	2	2	4	1	1	1	17	637567421	0	0.194817
0	2	2	4	1	1	1	18	637567421	0	0.194817
0	2	2	4	1	1	1	19	637567421	0	0.194817
0	2	2	4	1	1	1	20	637567421	0	0.194817
0	2	2	4	1	1	1	21	637567421	0	0.194817
0	2	2	4	1	1	1	22	637567421	0	0.194817
0	2	2	4	1	1	1	23	637567421	0	0.194817
0	2	2	4	1	1	1	24	637567421	0	0.194817
0	2	2	4	1	1	1	25	637567421	0	0.194817
0	2	2	4	1	1	1	26	637567421	0	0.194817
0	2	2	4	1	1	1	27	637567421	0	0.194817
0	2	2	4	1	1	1	28	637567421	0	0.194817
0	2	2	4	1	1	1	29	637567421	0	0.194817
0	2	2	4	1	1	1	30	637567421	0	0.194817
0	2	2	4	1	1	1	31	637567421	0	0.194817
0	2	2	4	1	1	1	32	637567421	0	0.194817
0	2	2	4	1	1	1	33	637567421	0	0.194817
0	2	2	4	1	1	1	34	637567421	0	0.194817
0	2	2	4	1	1	1	35	637567421	0	0.194817
0	2	2	4	1	1	1	36	637567421	0	0.194817
0	2	2	4	1	1	1	37	637567421	0	0.194817
0	2	2	4	1	1	1	38	637567421	0	0.194817
0	2	2	4	1	1	1	39	637567421	0	0.194817
0	2	2	4	1	1	1	40	637567421	0	0.194817
0	2	2	4	1	1	1	41	637567421	0	0.194817
0	2	2	4	1	1	1	42	637567421	0	0.194817
0	2	2	4	1	1	1	43	637567421	0	0.194817
0	2	2	4	1	1	1	44	637567421	0	0.194817
0	2	2	4	1	1	1	45	637567421	0	0.194817
0	2	2	4	1	1	1	46	637567421	0	0.194817
0	2	2	4	1	1	1	47	637567421	0	0.194817
0	2	2	4	1	1	1	48	637567421	0	0.194817
0	2	2	4	1	1	1	49	637567421	0	0.194817
0	2	2	4	1	1	1	50	637567421	0	0.194817
0	2	2	4	1	1	1	51	637567421	0	0.194817
0	2	2	4	1	1	1	52	637567421	0	0.194817
0	2	2	4	1	1	1	53	637567421	0	0.194817
0	2	2	4	1	1	1	54	637567421	0	0.194817
0	2	2	4	1	1	1	55	637567421	0	0.194817
0	2	2	4	1	1	1	56	637567421	0	0.194817
0	2	2	4	1	1	1	57	637567421	0	0.194817
0	2	2	4	1	1	1	58	637567421	0	0.194817
0	2	2	4	1	1	1	59	637567421	0	0.194817
0	2	2	4	1	1	1	60	637567421	0	0.194817
0	2	2	4	1	1	1	61	637567421	0	0.194817
0	2	2	4	1	1	1	62	637567421	0	0.194817
0	2	2	4	1	1	1	63	637567421	0	0.194817
0	2	2	4	1	1	1	64	637567421	0	0.194817
0	2	2	4	1	1	1	65	637567421	0	0.194817
0	2	2	4	1	1	1	66	637567421	0	0.194817
0	2	2	4	1	1	1	67	637567421	0	0.194817
0	2	2	4	1	1	1	68	637567421	0	0.194817
0	2	2	4	1	1	1	69	637567421	0	0.194817
0	2	2	4	1	1	1	70	637567421	0	0.194817
0	2	2	4	1	1	1	71	637567421	0	0.194817
0	2	2	4	1	1	1	72	637567421	0	0.194817
0	2	2	4	1	1	1	73	637567421	0	0.194817
0	2	2	4	1	1	1	74	637567421	0	0.194817
0	2	2	4	1	1	1	75	637567421	0	0.194817
0	2	2	4	1	1	1	76	637567421	0	0.194817
0	2	2	4	1	1	1	77	637567421	0	0.194817
0	2	2	4	1	1	1	78	637567421	0	0.194817
0	2	2	4	1	1	1	79	637567421	0	0.194817
0	2	2	4	1	1	1	80	637567421	0	0.194817
0	2	2	4	1	1	1	81	637567421	0	0.194817
0	2	2	4	1	1	1	82	637567421	0	0.194817
0	2	2	4	1	1	1	83	637567421	0	0.194817
0	2	2	4	1	1	1	84	637567421	0	0.194817
0	2	2	4	1	1	1	85	637567421	0	0.194817
0	2	2	4	1	1	1	86	637567421	0	0.194817
0	2	2	4	1	1	1	87	637567421	0	0.194817
0	2	2	4	1	1	1	88	637567421	0	0.194817
0	2	2	4	1	1	1	89	637567421	0	0.194817
0	2	2	4	1	1	1	90	637567421	0	0.194817
0	-2	2	5	1	1	1	1	637567533	0	0.194817
0	-2	2	5	1	1	1	2	637567533	0	0.194817
0	-2	2	5	1	1	1	3	637567533	0	0.194817
0	-2	2	5	1	1	1	4	637567533	0	0.194817
0	-2	2	5	1	1	1	5	637567533	0	0.194817
0	-2	2	5	1	1	1	6	637567533	0	0.194817
0	-2	2	5	1	1	1	7	637567533	0	0.194817
0	-2	2	5	1	1	1	8	637567533	0	0.194817
0	-2	2	5	1	1	1	9	637567533	0	0.194817
0	-2	2	5	1	1	1	10	637567533	0	0.194817
0	-2	2	5	1	1	1	11	637567533	0	0.194817
0	-2	2	5	1	1	1	12	637567533	0	0.194817
0	-2	2	5	1	1	1	13	637567533	0	0.194817
0	-2	2	5	1	1	1	14	637567533	0	0.194817
0	-2	2	5	1	1	1	15	637567533	0	0.194817
0	-2	2	5	1	1	1	16	637567533	0	0.194817
0	-2	2	5	1	1	1	17	637567533	0	0.194817
0	-2	2	5	1	1	1	18	637567533	0	0.194817
0	-2	2	5	1	1	1	19	637567533	0	0.194817
0	-2	2	5	1	1	1	20	637567533	0	0.194817
0	-2	2	5	1	1	1	21	637567533	0	0.194817
0	-2	2	5	1	1	1	22	637567533	0	0.194817
0	-2	2	5	1	1	1	23	637567533	0	0.194817
0	-2	2	5	1	1	1	24	637567533	0	0.194817
0	-2	2	5	1	1	1	25	637567533	0	0.194817
0	-2	2	5	1	1	1	26	637567533	0	0.194817
0	-2	2	5	1	1	1	27	637567533	0	0.194817
0	-2	2	5	1	1	1	28	637567533	0	0.194817
0	-2	2	5	1	1	1	29	637567533	0	0.194817
0	-2	2	5	1	1	1	30	637567533	0	0.194817
0	-2	2	5	1	1	1	31	637567533	0	0.194817
0	-2	2	5	1	1	1	32	637567533	0	0.194817
0	-2	2	5	1	1	1	33	637567533	0	0.194817
0	-2	2	5	1	1	1	34	637567533	0	0.194817
0	-2	2	5	1	1	1	35	637567533	0	0.194817
0	-2	2	5	1	1	1	36	637567533	0	0.194817
0	-2	2	5	1	1	1	37	637567533	0	0.194817
0	-2	2	5	1	1	1	38	637567533	0	0.194817
0	-2	2	5	1	1	1	39	637567533	0	0.194817
0	-2	2	5	1	1	1	40	637567533	0	0.194817
0	-2	2	5	1	1	1	41	637567533	0	0.194817
0	-2	2	5	1	1	1	42	637567533	0	0.194817
0	-2	2	5	1	1	1	43	637567533	0	0.194817
0	-2	2	5	1	1	1	44	637567533	0	0.194817
0	-2	2	5	1	1	1	45	637567533	0	0.194817
0	-2	2	5	1	1	1	46	637567533	0	0.194817
0	-2	2	5	1	1	1	47	637567533	0	0.194817
0	-2	2	5	1	1	1	48	637567533	0	0.194817
0	-2	2	5	1	1	1	49	637567533	0	0.194817
0	-2	2	5	1	1	1	50	637567533	0	0.194817
0	-2	2	5	1	1	1	51	637567533	0	0.194817
0	-2	2	5	1	1	1	52	637567533	0	0.194817
0	-2	2	5	1	1	1	53	637567533	0	0.194817
0	-2	2	5	1	1	1	54	637567533	0	0.194817
0	-2	2	5	1	1	1	55	637567533	0	0.194817
0	-2	2	5	1	1	1	56	637567533	0	0.194817
0	-2	2	5	1	1	1	57	637567533	0	0.194817
0	-2	2	5	1	1	1	58	637567533	0	0.194817
0	-2	2	5	1	1	1	59	637567533	0	0.194817
0	-2	2	5	1	1	1	60	637567533	0	0.194817
0	-2	2	5	1	1	1	61	637567533	0	0.194817
0	-2	2	5	1	1	1	62	637567533	0	0.194817
0	-2	2	5	1	1	1	63	637567533	0	0.194817
0	-2	2	5	1	1	1	64	637567533	0	0.194817
0	-2	2	5	1	1	1	65	637567533	0	0.194817
0	-2	2	5	1	1	1	66	637567533	0	0.194817
0	-2	2	5	1	1	1	67	637567533	0	0.194817
0	-2	2	5	1	1	1	68	637567533	0	0.194817
0	-2	2	5	1	1	1	69	637567533	0	0.194817
0	-2	2	5	1	1	1	70	637567533	0	0.194817
0	-2	2	5	1	1	1	71	637567533	0	0.194817
0	-2	2	5	1	1	1	72	637567533	0	0.194817
0	-2	2	5	1	1	1	73	637567533	0	0.194817
0	-2	2	5	1	1	1	74	637567533	0	0.194817
0	-2	2	5	1	1	1	75	637567533	0	0.194817
0	-2	2	5	1	1	1	76	637567533	0	0.194817
0	-2	2	5	1	1	1	77	637567533	0	0.194817
0	-2	2	5	1	1	1	78	637567533	0	0.194817
0	-2	2	5	1	1	1	79	637567533	0	0.194817
0	-2	2	5	1	1	1	80	637567533	0	0.194817
0	-2	2	5	1	1	1	81	637567533	0	0.194817
0	-2	2	5	1	1	1	82	637567533	0	0.194817
0	-2	2	5	1	1	1	83	637567533	0	0.194817
0	-2	2	5	1	1	1	84	637567533	0	0.194817
0	-2	2	5	1	1	1	85	637567533	0	0.194817
0	-2	2	5	1	1	1	86	637567533	0	0.194817
0	-2	2	5	1	1	1	87	637567533	0	0.194817
0	-2	2	5	1	1	1	88	637567533	0	0.194817
0	-2	2	5	1	1	1	89	637567533	0	0.194817
0	-2	2	5	1	1	1	90	637567533	0	0.194817
0	-1	3	5	1	1	1	1	637567569	0	0.0691617
0	-1	3	5	1	1	1	2	637567569	0	0.0691617
0	-1	3	5	1	1	1	3	637567569	0	0.0691617
0	-1	3	5	1	1	1	4	637567569	0	0.0691617
0	-1	3	5	1	1	1	5	637567569	0	0.0691617
0	-1	3	5	1	1	1	6	637567569	0	0.0691617
0	-1	3	5	1	1	1	7	637567569	0	0.0691617
0	-1	3	5	1	1	1	8	637567569	0	0.0691617
0	-1	3	5	1	1	1	9	637567569	0	0.0691617
0	-1	3	5	1	1	1	10	637567569	0	0.0691617
0	-1	3	5	1	1	1	11	637567569	0	0.0691617
0	-1	3	5	1	1	1	12	637567569	0	0.0691617
0	-1	3	5	1	1	1	13	637567569	0	0.0691617
0	-1	3	5	1	1	1	14	637567569	0	0.0691617
0	-1	3	5	1	1	1	15	637567569	0	0.0691617
0	-1	3	5	1	1	1	16	637567569	0	0.0691617
0	-1	3	5	1	1	1	17	637567569	0	0.0691617
0	-1	3	5	1	1	1	18	637567569	0	0.0691617
0	-1	3	5	1	1	1	19	637567569	0	0.0691617
0	-1	3	5	1	1	1	20	637567569	0	0.0691617
0	-1	3	5	1	1	1	21	637567569	0	0.0691617
0	-1	3	5	1	1	1	22	637567569	0	0.0691617
0	-1	3	5	1	1	1	23	637567569	0	0.0691617
0	-1	3	5	1	1	1	24	637567569	0	0.0691617
0	-1	3	5	1	1	1	25	637567569	0	0.0691617
0	-1	3	5	1	1	1	26	637567569	0	0.0691617
0	-1	3	5	1	1	1	27	637567569	0	0.0691617
0	-1	3	5	1	1	1	28	637567569	0	0.0691617
0	-1	3	5	1	1	1	29	637567569	0	0.0691617
0	-1	3	5	1	1	1	30	637567569	0	0.0691617
0	-1	3	5	1	1	1	31	637567569	0	0.0691617
0	-1	3	5	1	1	1	32	637567569	0	0.0691617
0	-1	3	5	1	1	1	33	637567569	0	0.0691617
0	-1	3	5	1	1	1	34	637567569	0	0.0691617
0	-1	3	5	1	1	1	35	637567569	0	0.0691617
0	-1	3	5	1	1	1	36	637567569	0	0.0691617
0	-1	3	5	1	1	1	37	637567569	0	0.0691617
0	-1	3	5	1	1	1	38	637567569	0	0.0691617
0	-1	3	5	1	1	1	39	637567569	0	0.0691617
0	-1	3	5	1	1	1	40	637567569	0	0.0691617
0	-1	3	5	1	1	1	41	637567569	0	0.0691617
0	-1	3	5	1	1	1	42	637567569	0	0.0691617
-1	2	3	6	1	1	1	1	637567684	0	0.382946
-1	2	3	6	1	1	1	2	637567684	0	0.382946
-1	2	3	6	1	1	1	3	637567684	0	0.382946
-1	2	3	6	1	1	1	4	637567684	0	0.382946
-1	2	3	6	1	1	1	5	637567684	0	0.382946
-1	2	3	6	1	1	1	6	637567684	0	0.382946
-1	2	3	6	1	1	1	7	637567684	0	0.382946
-1	2	3	6	1	1	1	8	637567684	0	0.382946
-1	2	3	6	1	1	1	9	637567684	0	0.382946
-1	2	3	6	1	1	1	10	637567684	0	0.382946
-1	2	3	6	1	1	1	11	637567684	0	0.382946
-1	2	3	6	1	1	1	12	637567684	0	0.382946
-1	2	3	6	1	1	1	13	637567684	0	0.382946
-1	2	3	6	1	1	1	14	637567684	0	0.382946
-1	2	3	6	1	1	1	15	637567684	0	0.382946
-1	2	3	6	1	1	1	16	637567684	0	0.382946
-1	2	3	6	1	1	1	17	637567684	0	0.382946
-1	2	3	6	1	1	1	18	637567684	0	0.382946
-1	2	3	6	1	1	1	19	637567684	0	0.382946
-1	2	3	6	1	1	1	20	637567684	0	0.382946
-1	2	3	6	1	1	1	21	637567684	0	0.382946
-1	2	3	6	1	1	1	22	637567684	0	0.382946
-1	2	3	6	1	1	1	23	637567684	0	0.382946
-1	2	3	6	1	1	1	24	637567684	0	0.382946
-1	2	3	6	1	1	1	25	637567684	0	0.382946
-1	2	3	6	1	1	1	26	637567684	0	0.382946
-1	2	3	6	1	1	1	27	637567684	0	0.382946
-1	2	3	6	1	1	1	28	637567684	0	0.382946
-1	2	3	6	1	1	1	29	637567684	0	0.382946
-1	2	3	6	1	1	1	30	637567684	0	0.382946
-1	2	3	6	1	1	1	31	637567684	0	0.382946
-1	2	3	6	1	1	1	32	637567684	0	0.382946
-1	2	4	6	1	1	1	1	637567716	0	0.382946
-1	2	4	6	1	1	1	2	637567716	0	0.382946
-1	2	4	6	1	1	1	3	637567716	0	0.382946
-1	2	4	6	1	1	1	4	637567716	0	0.382946
-1	2	4	6	1	1	1	5	637567716	0	0.382946
-1	2	4	6	1	1	1	6	637567716	0	0.382946
-1	2	4	6	1	1	1	7	637567716	0	0.382946
-1	2	4	6	1	1	1	8	637567716	0	0.382946
-1	2	4	6	1	1	1	9	637567716	0	0.382946
-1	2	4	6	1	1	1	10	637567716	0	0.382946
-1	2	4	6	1	1	1	11	637567716	0	0.382946
-1	2	4	6	1	1	1	12	637567716	0	0.382946
-1	2	4	6	1	1	1	13	637567716	0	0.382946
-1	2	4	6	1	1	1	14	637567716	0	0.382946
-1	2	4	6	1	1	1	15	637567716	0	0.382946
-1	2	4	6	1	1	1	16	637567716	0	0.382946
-1	2	4	6	1	1	1	17	637567716	0	0.382946
-1	2	4	6	1	1	1	18	637567716	0	0.382946
-1	2	4	6	1	1	1	19	637567716	0	0.382946
-1	2	4	6	1	1	1	20	637567716	0	0.382946
-1	2	4	6	1	1	1	21	637567716	0	0.382946
-1	2	4	6	1	1	1	22	637567716	0	0.382946
-1	2	4	6	1	1	1	23	637567716	0	0.382946
-1	2	4	6	1	1	1	24	637567716	0	0.382946
-1	2	4	6	1	1	1	25	637567716	0	0.382946
-1	2	4	6	1	1	1	26	637567716	0	0.382946
-1	2	4	6	1	1	1	27	637567716	0	0.382946
-1	2	4	6	1	1	1	28	637567716	0	0.382946
-1	2	4	6	1	1	1	29	637567716	0	0.382946
-1	2	4	6	1	1	1	30	637567716	0	0.382946
-1	2	4	6	1	1	1	31	637567716	0	0.382946
-1	2	4	6	1	1	1	32	637567716	0	0.382946
0	0	2	11	1	1	1	1	637568309	0	0.194817
0	0	2	11	1	1	1	2	637568309	0	0.194817
0	0	2	11	1	1	1	3	637568309	0	0.194817
0	0	2	11	1	1	1	4	637568309	0	0.194817
0	0	2	11	1	1	1	5	637568309	0	0.194817
0	0	2	11	1	1	1	6	637568309	0	0.194817
0	0	2	11	1	1	1	7	637568309	0	0.194817
0	0	2	11	1	1	1	8	637568309	0	0.194817
0	0	2	11	1	1	1	9	637568309	0	0.194817
0	0	2	11	1	1	1	10	637568309	0	0.194817
0	0	2	11	1	1	1	11	637568309	0	0.194817
0	0	2	11	1	1	1	12	637568309	0	0.194817
0	0	2	11	1	1	1	13	637568309	0	0.194817
0	0	2	11	1	1	1	14	637568309	0	0.194817
0	0	2	11	1	1	1	15	637568309	0	0.194817
0	0	2	11	1	1	1	16	637568309	0	0.194817
0	0	2	11	1	1	1	17	637568309	0	0.194817
0	0	2	11	1	1	1	18	637568309	0	0.194817
0	0	2	11	1	1	1	19	637568309	0	0.194817
0	0	2	11	1	1	1	20	637568309	0	0.194817
0	0	2	11	1	1	1	21	637568309	0	0.194817
0	0	2	11	1	1	1	22	637568309	0	0.194817
0	0	2	11	1	1	1	23	637568309	0	0.194817
0	0	2	11	1	1	1	24	637568309	0	0.194817
0	0	2	11	1	1	1	25	637568309	0	0.194817
0	0	2	11	1	1	1	26	637568309	0	0.194817
0	0	2	11	1	1	1	27	637568309	0	0.194817
0	0	2	11	1	1	1	28	637568309	0	0.194817
0	0	2	11	1	1	1	29	637568309	0	0.194817
0	0	2	11	1	1	1	30	637568309	0	0.194817
0	0	2	11	1	1	1	31	637568309	0	0.194817
0	0	2	11	1	1	1	32	637568309	0	0.194817
0	0	2	11	1	1	1	33	637568309	0	0.194817
0	0	2	11	1	1	1	34	637568309	0	0.194817
0	0	2	11	1	1	1	35	637568309	0	0.194817
0	0	2	11	1	1	1	36	637568309	0	0.194817
0	0	2	11	1	1	1	37	637568309	0	0.194817
0	0	2	11	1	1	1	38	637568309	0	0.194817
0	0	2	11	1	1	1	39	637568309	0	0.194817
0	0	2	11	1	1	1	40	637568309	0	0.194817
0	0	2	11	1	1	1	41	637568309	0	0.194817
0	0	2	11	1	1	1	42	637568309	0	0.194817
0	0	2	11	1	1	1	43	637568309	0	0.194817
0	0	2	11	1	1	1	44	637568309	0	0.194817
0	0	2	11	1	1	1	45	637568309	0	0.194817
0	0	2	11	1	1	1	46	637568309	0	0.194817
0	0	2	11	1	1	1	47	637568309	0	0.194817
0	0	2	11	1	1	1	48	637568309	0	0.194817
0	0	2	11	1	1	1	49	637568309	0	0.194817
0	0	2	11	1	1	1	50	637568309	0	0.194817
0	0	2	11	1	1	1	51	637568309	0	0.194817
0	0	2	11	1	1	1	52	637568309	0	0.194817
0	0	2	11	1	1	1	53	637568309	0	0.194817
0	0	2	11	1	1	1	54	637568309	0	0.194817
0	0	2	11	1	1	1	55	637568309	0	0.194817
0	0	2	11	1	1	1	56	637568309	0	0.194817
0	0	2	11	1	1	1	57	637568309	0	0.194817
0	0	2	11	1	1	1	58	637568309	0	0.194817
0	0	2	11	1	1	1	59	637568309	0	0.194817
0	0	2	11	1	1	1	60	637568309	0	0.194817
0	0	2	11	1	1	1	61	637568309	0	0.194817
0	0	2	11	1	1	1	62	637568309	0	0.194817
0	0	2	11	1	1	1	63	637568309	0	0.194817
0	0	2	11	1	1	1	64	637568309	0	0.194817
0	0	2	11	1	1	1	65	637568309	0	0.194817
0	0	2	11	1	1	1	66	637568309	0	0.194817
0	0	2	11	1	1	1	67	637568309	0	0.194817
0	0	2	11	1	1	1	68	637568309	0	0.194817
0	0	2	11	1	1	1	69	637568309	0	0.194817
0	0	2	11	1	1	1	70	637568309	0	0.194817
0	0	2	11	1	1	1	71	637568309	0	0.194817
0	0	2	11	1	1	1	72	637568309	0	0.194817
0	0	2	11	1	1	1	73	637568309	0	0.194817
0	0	2	11	1	1	1	74	637568309	0	0.194817
0	0	2	11	1	1	1	75	637568309	0	0.194817
0	0	2	11	1	1	1	76	637568309	0	0.194817
0	0	2	11	1	1	1	77	637568309	0	0.194817
0	0	2	11	1	1	1	78	637568309	0	0.194817
0	0	2	11	1	1	1	79	637568309	0	0.194817
0	0	2	11	1	1	1	80	637568309	0	0.194817
0	0	2	11	1	1	1	81	637568309	0	0.194817
0	0	2	11	1	1	1	82	637568309	0	0.194817
0	0	2	11	1	1	1	83	637568309	0	0.194817
0	0	2	11	1	1	1	84	637568309	0	0.194817
0	0	2	11	1	1	1	85	637568309	0	0.194817
0	0	2	11	1	1	1	86	637568309	0	0.194817
0	0	2	11	1	1	1	87	637568309	0	0.194817
0	0	2	11	1	1	1	88	637568309	0	0.194817
0	0	2	11	1	1	1	89	637568309	0	0.194817
0	0	2	11	1	1	1	90	637568309	0	0.194817
0	-2	2	12	1	1	1	1	637568429	0	0.194817
0	-2	2	12	1	1	1	2	637568429	0	0.194817
0	-2	2	12	1	1	1	3	637568429	0	0.194817
0	-2	2	12	1	1	1	4	637568429	0	0.194817
0	-2	2	12	1	1	1	5	637568429	0	0.194817
0	-2	2	12	1	1	1	6	637568429	0	0.194817
0	-2	2	12	1	1	1	7	637568429	0	0.194817
0	-2	2	12	1	1	1	8	637568429	0	0.194817
0	-2	2	12	1	1	1	9	637568429	0	0.194817
0	-2	2	12	1	1	1	10	637568429	0	0.194817
0	-2	2	12	1	1	1	11	637568429	0	0.194817
0	-2	2	12	1	1	1	12	637568429	0	0.194817
0	-2	2	12	1	1	1	13	637568429	0	0.194817
0	-2	2	12	1	1	1	14	637568429	0	0.194817
0	-2	2	12	1	1	1	15	637568429	0	0.194817
0	-2	2	12	1	1	1	16	637568429	0	0.194817
0	-2	2	12	1	1	1	17	637568429	0	0.194817
0	-2	2	12	1	1	1	18	637568429	0	0.194817
0	-2	2	12	1	1	1	19	637568429	0	0.194817
0	-2	2	12	1	1	1	20	637568429	0	0.194817
0	-2	2	12	1	1	1	21	637568429	0	0.194817
0	-2	2	12	1	1	1	22	637568429	0	0.194817
0	-2	2	12	1	1	1	23	637568429	0	0.194817
0	-2	2	12	1	1	1	24	637568429	0	0.194817
0	-2	2	12	1	1	1	25	637568429	0	0.194817
0	-2	2	12	1	1	1	26	637568429	0	0.194817
0	-2	2	12	1	1	1	27	637568429	0	0.194817
0	-2	2	12	1	1	1	28	637568429	0	0.194817
0	-2	2	12	1	1	1	29	637568429	0	0.194817
0	-2	2	12	1	1	1	30	637568429	0	0.194817
0	-2	2	12	1	1	1	31	637568429	0	0.194817
0	-2	2	12	1	1	1	32	637568429	0	0.194817
0	-2	2	12	1	1	1	33	637568429	0	0.194817
0	-2	2	12	1	1	1	34	637568429	0	0.194817
0	-2	2	12	1	1	1	35	637568429	0	0.194817
0	-2	2	12	1	1	1	36	637568429	0	0.194817
0	-2	2	12	1	1	1	37	637568429	0	0.194817
0	-2	2	12	1	1	1	38	637568429	0	0.194817
0	-2	2	12	1	1	1	39	637568429	0	0.194817
0	-2	2	12	1	1	1	40	637568429	0	0.194817
0	-2	2	12	1	1	1	41	637568429	0	0.194817
0	-2	2	12	1	1	1	42	637568429	0	0.194817
0	-2	2	12	1	1	1	43	637568429	0	0.194817
0	-2	2	12	1	1	1	44	637568429	0	0.194817
0	-2	2	12	1	1	1	45	637568429	0	0.194817
0	-2	2	12	1	1	1	46	637568429	0	0.194817
0	-2	2	12	1	1	1	47	637568429	0	0.194817
0	-2	2	12	1	1	1	48	637568429	0	0.194817
0	-2	2	12	1	1	1	49	637568429	0	0.194817
0	-2	2	12	1	1	1	50	637568429	0	0.194817
0	-2	2	12	1	1	1	51	637568429	0	0.194817
0	-2	2	12	1	1	1	52	637568429	0	0.194817
0	-2	2	12	1	1	1	53	637568429	0	0.194817
0	-2	2	12	1	1	1	54	637568429	0	0.194817
0	-2	2	12	1	1	1	55	637568429	0	0.194817
0	-2	2	12	1	1	1	56	637568429	0	0.194817
0	-2	2	12	1	1	1	57	637568429	0	0.194817
0	-2	2	12	1	1	1	58	637568429	0	0.194817
0	-2	2	12	1	1	1	59	637568429	0	0.194817
0	-2	2	12	1	1	1	60	637568429	0	0.194817
0	-2	2	12	1	1	1	61	637568429	0	0.194817
0	-2	2	12	1	1	1	62	637568429	0	0.194817
0	-2	2	12	1	1	1	63	637568429	0	0.194817
0	-2	2	12	1	1	1	64	637568429	0	0.194817
0	-2	2	12	1	1	1	65	637568429	0	0.194817
0	-2	2	12	1	1	1	66	637568429	0	0.194817
0	-2	2	12	1	1	1	67	637568429	0	0.194817
0	-2	2	12	1	1	1	68	637568429	0	0.194817
0	-2	2	12	1	1	1	69	637568429	0	0.194817
0	-2	2	12	1	1	1	70	637568429	0	0.194817
0	-2	2	12	1	1	1	71	637568429	0	0.194817
0	-2	2	12	1	1	1	72	637568429	0	0.194817
0	-2	2	12	1	1	1	73	637568429	0	0.194817
0	-2	2	12	1	1	1	74	637568429	0	0.194817
0	-2	2	12	1	1	1	75	637568429	0	0.194817
0	-2	2	12	1	1	1	76	637568429	0	0.194817
0	-2	2	12	1	1	1	77	637568429	0	0.194817
0	-2	2	12	1	1	1	78	637568429	0	0.194817
0	-2	2	12	1	1	1	79	637568429	0	0.194817
0	-2	2	12	1	1	1	80	637568429	0	0.194817
0	-2	2	12	1	1	1	81	637568429	0	0.194817
0	-2	2	12	1	1	1	82	637568429	0	0.194817
0	-2	2	12	1	1	1	83	637568429	0	0.194817
0	-2	2	12	1	1	1	84	637568429	0	0.194817
0	-2	2	12	1	1	1	85	637568429	0	0.194817
0	-2	2	12	1	1	1	86	637568429	0	0.194817
0	-2	2	12	1	1	1	87	637568429	0	0.194817
0	-2	2	12	1	1	1	88	637568429	0	0.194817
0	-2	2	12	1	1	1	89	637568429	0	0.194817
0	-2	2	12	1	1	1	90	637568429	0	0.194817
0	-1	1	4	2	1	1	1	637569425	0	0.592537
0	-1	1	4	2	1	1	2	637569425	0	0.592537
0	-1	1	4	2	1	1	3	637569425	0	0.592537
0	-1	1	4	2	1	1	4	637569425	0	0.592537
0	-1	1	4	2	1	1	5	637569425	0	0.592537
0	-1	1	4	2	1	1	6	637569425	0	0.592537
0	-1	1	4	2	1	1	7	637569425	0	0.592537
0	-1	1	4	2	1	1	8	637569425	0	0.592537
0	-1	1	4	2	1	1	9	637569425	0	0.592537
0	-1	1	4	2	1	1	10	637569425	0	0.592537
0	-1	1	4	2	1	1	11	637569425	0	0.592537
0	-1	1	4	2	1	1	12	637569425	0	0.592537
0	-1	1	4	2	1	1	13	637569425	0	0.592537
0	-1	1	4	2	1	1	14	637569425	0	0.592537
0	-1	1	4	2	1	1	15	637569425	0	0.592537
0	-1	1	4	2	1	1	16	637569425	0	0.592537
0	-1	1	4	2	1	1	17	637569425	0	0.592537
0	-1	1	4	2	1	1	18	637569425	0	0.592537
0	-1	1	4	2	1	1	19	637569425	0	0.592537
0	-1	1	4	2	1	1	20	637569425	0	0.592537
0	-1	1	4	2	1	1	21	637569425	0	0.592537
0	-1	1	4	2	1	1	22	637569425	0	0.592537
0	-1	1	4	2	1	1	23	637569425	0	0.592537
0	-1	1	4	2	1	1	24	637569425	0	0.592537
0	-1	1	4	2	1	1	25	637569425	0	0.592537
0	-1	1	4	2	1	1	26	637569425	0	0.592537
0	-1	1	4	2	1	1	27	637569425	0	0.592537
0	-1	1	4	2	1	1	28	637569425	0	0.592537
0	-1	1	4	2	1	1	29	637569425	0	0.592537
0	-1	1	4	2	1	1	30	637569425	0	0.592537
0	-1	1	4	2	1	1	31	637569425	0	0.592537
0	-1	1	4	2	1	1	32	637569425	0	0.592537
0	-1	1	4	2	1	1	33	637569425	0	0.592537
0	-1	1	4	2	1	1	34	637569425	0	0.592537
0	-1	1	4	2	1	1	35	637569425	0	0.592537
0	-1	1	4	2	1	1	36	637569425	0	0.592537
0	-1	1	4	2	1	1	37	637569425	0	0.592537
0	-1	1	4	2	1	1	38	637569425	0	0.592537
0	-1	1	4	2	1	1	39	637569425	0	0.592537
0	-1	1	4	2	1	1	40	637569425	0	0.592537
0	-1	1	4	2	1	1	41	637569425	0	0.592537
0	-1	1	4	2	1	1	42	637569425	0	0.592537
0	-1	1	4	2	1	1	43	637569425	0	0.592537
0	-1	1	4	2	1	1	44	637569425	0	0.592537
0	-1	1	4	2	1	1	45	637569425	0	0.592537
0	-1	1	4	2	1	1	46	637569425	0	0.592537
0	-1	1	4	2	1	1	47	637569425	0	0.592537
0	-1	1	4	2	1	1	48	637569425	0	0.592537
0	-1	1	4	2	1	1	49	637569425	0	0.592537
0	-1	1	4	2	1	1	50	637569425	0	0.592537
0	-1	1	4	2	1	1	51	637569425	0	0.592537
0	-1	1	4	2	1	1	52	637569425	0	0.592537
0	-1	1	4	2	1	1	53	637569425	0	0.592537
0	-1	1	4	2	1	1	54	637569425	0	0.592537
0	-1	1	4	2	1	1	55	637569425	0	0.592537
0	-1	1	4	2	1	1	56	637569425	0	0.592537
0	-1	1	4	2	1	1	57	637569425	0	0.592537
0	-1	1	4	2	1	1	58	637569425	0	0.592537
0	-1	1	4	2	1	1	59	637569425	0	0.592537
0	-1	1	4	2	1	1	60	637569425	0	0.592537
0	-1	1	4	2	1	1	61	637569425	0	0.592537
0	-1	1	4	2	1	1	62	637569425	0	0.592537
0	-1	1	4	2	1	1	63	637569425	0	0.592537
0	-1	1	4	2	1	1	64	637569425	0	0.592537
0	-1	1	4	2	1	1	65	637569425	0	0.592537
0	-1	1	4	2	1	1	66	637569425	0	0.592537
0	-1	1	4	2	1	1	67	637569425	0	0.592537
0	-1	1	4	2	1	1	68	637569425	0	0.592537
0	-1	1	4	2	1	1	69	637569425	0	0.592537
0	-1	1	4	2	1	1	70	637569425	0	0.592537
0	-1	1	4	2	1	1	71	637569425	0	0.592537
0	-1	1	4	2	1	1	72	637569425	0	0.592537
0	-1	1	4	2	1	1	73	637569425	0	0.592537
0	-1	1	4	2	1	1	74	637569425	0	0.592537
0	-1	1	4	2	1	1	75	637569425	0	0.592537
0	-1	1	4	2	1	1	76	637569425	0	0.592537
0	-1	1	4	2	1	1	77	637569425	0	0.592537
0	-1	1	4	2	1	1	78	637569425	0	0.592537
0	-1	1	4	2	1	1	79	637569425	0	0.592537
0	-1	1	4	2	1	1	80	637569425	0	0.592537
0	-1	1	4	2	1	1	81	637569425	0	0.592537
0	-1	1	4	2	1	1	82	637569425	0	0.592537
0	-1	1	4	2	1	1	83	637569425	0	0.592537
0	-1	1	4	2	1	1	84	637569425	0	0.592537
0	-2	1	12	2	1	1	1	637570445	0	0.592537
0	-2	1	12	2	1	1	2	637570445	0	0.592537
0	-2	1	12	2	1	1	3	637570445	0	0.592537
0	-2	1	12	2	1	1	4	637570445	0	0.592537
0	-2	1	12	2	1	1	5	637570445	0	0.592537
0	-2	1	12	2	1	1	6	637570445	0	0.592537
0	-2	1	12	2	1	1	7	637570445	0	0.592537
0	-2	1	12	2	1	1	8	637570445	0	0.592537
0	-2	1	12	2	1	1	9	637570445	0	0.592537
0	-2	1	12	2	1	1	10	637570445	0	0.592537
0	-2	1	12	2	1	1	11	637570445	0	0.592537
0	-2	1	12	2	1	1	12	637570445	0	0.592537
0	-2	1	12	2	1	1	13	637570445	0	0.592537
0	-2	1	12	2	1	1	14	637570445	0	0.592537
0	-2	1	12	2	1	1	15	637570445	0	0.592537
0	-2	1	12	2	1	1	16	637570445	0	0.592537
0	-2	1	12	2	1	1	17	637570445	0	0.592537
0	-2	1	12	2	1	1	18	637570445	0	0.592537
0	-2	1	12	2	1	1	19	637570445	0	0.592537
0	-2	1	12	2	1	1	20	637570445	0	0.592537
0	-2	1	12	2	1	1	21	637570445	0	0.592537
0	-2	1	12	2	1	1	22	637570445	0	0.592537
0	-2	1	12	2	1	1	23	637570445	0	0.592537
0	-2	1	12	2	1	1	24	637570445	0	0.592537
0	-2	1	12	2	1	1	25	637570445	0	0.592537
0	-2	1	12	2	1	1	26	637570445	0	0.592537
0	-2	1	12	2	1	1	27	637570445	0	0.592537
0	-2	1	12	2	1	1	28	637570445	0	0.592537
0	-2	1	12	2	1	1	29	637570445	0	0.592537
0	-2	1	12	2	1	1	30	637570445	0	0.592537
0	-2	1	12	2	1	1	31	637570445	0	0.592537
0	-2	1	12	2	1	1	32	637570445	0	0.592537
0	-2	1	12	2	1	1	33	637570445	0	0.592537
0	-2	1	12	2	1	1	34	637570445	0	0.592537
0	-2	1	12	2	1	1	35	637570445	0	0.592537
0	-2	1	12	2	1	1	36	637570445	0	0.592537
0	-2	1	12	2	1	1	37	637570445	0	0.592537
0	-2	1	12	2	1	1	38	637570445	0	0.592537
0	-2	1	12	2	1	1	39	637570445	0	0.592537
0	-2	1	12	2	1	1	40	637570445	0	0.592537
0	-2	1	12	2	1	1	41	637570445	0	0.592537
0	-2	1	12	2	1	1	42	637570445	0	0.592537
0	-2	1	12	2	1	1	43	637570445	0	0.592537
0	-2	1	12	2	1	1	44	637570445	0	0.592537
0	-2	1	12	2	1	1	45	637570445	0	0.592537
0	-2	1	12	2	1	1	46	637570445	0	0.592537
0	-2	1	12	2	1	1	47	637570445	0	0.592537
0	-2	1	12	2	1	1	48	637570445	0	0.592537
0	-2	1	12	2	1	1	49	637570445	0	0.592537
0	-2	1	12	2	1	1	50	637570445	0	0.592537
0	-2	1	12	2	1	1	51	637570445	0	0.592537
0	-2	1	12	2	1	1	52	637570445	0	0.592537
0	-2	1	12	2	1	1	53	637570445	0	0.592537
0	-2	1	12	2	1	1	54	637570445	0	0.592537
0	-2	1	12	2	1	1	55	637570445	0	0.592537
0	-2	1	12	2	1	1	56	637570445	0	0.592537
0	-2	1	12	2	1	1	57	637570445	0	0.592537
0	-2	1	12	2	1	1	58	637570445	0	0.592537
0	-2	1	12	2	1	1	59	637570445	0	0.592537
0	-2	1	12	2	1	1	60	637570445	0	0.592537
0	-2	1	12	2	1	1	61	637570445	0	0.592537
0	-2	1	12	2	1	1	62	637570445	0	0.592537
0	-2	1	12	2	1	1	63	637570445	0	0.592537
0	-2	1	12	2	1	1	64	637570445	0	0.592537
0	-2	1	12	2	1	1	65	637570445	0	0.592537
0	-2	1	12	2	1	1	66	637570445	0	0.592537
0	-2	1	12	2	1	1	67	637570445	0	0.592537
0	-2	1	12	2	1	1	68	637570445	0	0.592537
0	-2	1	12	2	1	1	69	637570445	0	0.592537
0	-2	1	12	2	1	1	70	637570445	0	0.592537
0	-2	1	12	2	1	1	71	637570445	0	0.592537
0	-2	1	12	2	1	1	72	637570445	0	0.592537
0	-2	1	12	2	1	1	73	637570445	0	0.592537
0	-2	1	12	2	1	1	74	637570445	0	0.592537
0	-2	1	12	2	1	1	75	637570445	0	0.592537
0	-2	1	12	2	1	1	76	637570445	0	0.592537
0	-2	1	12	2	1	1	77	637570445	0	0.592537
0	-2	1	12	2	1	1	78	637570445	0	0.592537
0	-2	1	12	2	1	1	79	637570445	0	0.592537
0	-2	1	12	2	1	1	80	637570445	0	0.592537
0	-2	1	12	2	1	1	81	637570445	0	0.592537
0	-2	1	12	2	1	1	82	637570445	0	0.592537
0	-2	1	12	2	1	1	83	637570445	0	0.592537
0	-2	1	12	2	1	1	84	637570445	0	0.592537
0	-2	2	12	2	1	1	1	637570477	0	0.180727
0	-2	2	12	2	1	1	2	637570477	0	0.180727
0	-2	2	12	2	1	1	3	637570477	0	0.180727
0	-2	2	12	2	1	1	4	637570477	0	0.180727
0	-2	2	12	2	1	1	5	637570477	0	0.180727
0	-2	2	12	2	1	1	6	637570477	0	0.180727
0	-2	2	12	2	1	1	7	637570477	0	0.180727
0	-2	2	12	2	1	1	8	637570477	0	0.180727
0	-2	2	12	2	1	1	9	637570477	0	0.180727
0	-2	2	12	2	1	1	10	637570477	0	0.180727
0	-2	2	12	2	1	1	11	637570477	0	0.180727
0	-2	2	12	2	1	1	12	637570477	0	0.180727
0	-2	2	12	2	1	1	13	637570477	0	0.180727
0	-2	2	12	2	1	1	14	637570477	0	0.180727
0	-2	2	12	2	1	1	15	637570477	0	0.180727
0	-2	2	12	2	1	1	16	637570477	0	0.180727
0	-2	2	12	2	1	1	17	637570477	0	0.180727
0	-2	2	12	2	1	1	18	637570477	0	0.180727
0	-2	2	12	2	1	1	19	637570477	0	0.180727
0	-2	2	12	2	1	1	20	637570477	0	0.180727
0	-2	2	12	2	1	1	21	637570477	0	0.180727
0	-2	2	12	2	1	1	22	637570477	0	0.180727
0	-2	2	12	2	1	1	23	637570477	0	0.180727
0	-2	2	12	2	1	1	24	637570477	0	0.180727
0	-2	2	12	2	1	1	25	637570477	0	0.180727
0	-2	2	12	2	1	1	26	637570477	0	0.180727
0	-2	2	12	2	1	1	27	637570477	0	0.180727
0	-2	2	12	2	1	1	28	637570477	0	0.180727
0	-2	2	12	2	1	1	29	637570477	0	0.180727
0	-2	2	12	2	1	1	30	637570477	0	0.180727
0	-2	2	12	2	1	1	31	637570477	0	0.180727
0	-2	2	12	2	1	1	32	637570477	0	0.180727
0	-2	2	12	2	1	1	33	637570477	0	0.180727
0	-2	2	12	2	1	1	34	637570477	0	0.180727
0	-2	2	12	2	1	1	35	637570477	0	0.180727
0	-2	2	12	2	1	1	36	637570477	0	0.180727
0	-2	2	12	2	1	1	37	637570477	0	0.180727
0	-2	2	12	2	1	1	38	637570477	0	0.180727
0	-2	2	12	2	1	1	39	637570477	0	0.180727
0	-2	2	12	2	1	1	40	637570477	0	0.180727
0	-2	2	12	2	1	1	41	637570477	0	0.180727
0	-2	2	12	2	1	1	42	637570477	0	0.180727
0	-2	2	12	2	1	1	43	637570477	0	0.180727
0	-2	2	12	2	1	1	44	637570477	0	0.180727
0	-2	2	12	2	1	1	45	637570477	0	0.180727
0	-2	2	12	2	1	1	46	637570477	0	0.180727
0	-2	2	12	2	1	1	47	637570477	0	0.180727
0	-2	2	12	2	1	1	48	637570477	0	0.180727
0	-2	2	12	2	1	1	49	637570477	0	0.180727
0	-2	2	12	2	1	1	50	637570477	0	0.180727
0	-2	2	12	2	1	1	51	637570477	0	0.180727
0	-2	2	12	2	1	1	52	637570477	0	0.180727
0	-2	2	12	2	1	1	53	637570477	0	0.180727
0	-2	2	12	2	1	1	54	637570477	0	0.180727
0	-2	2	12	2	1	1	55	637570477	0	0.180727
0	-2	2	12	2	1	1	56	637570477	0	0.180727
0	-2	2	12	2	1	1	57	637570477	0	0.180727
0	-2	2	12	2	1	1	58	637570477	0	0.180727
0	-2	2	12	2	1	1	59	637570477	0	0.180727
0	-2	2	12	2	1	1	60	637570477	0	0.180727
0	-2	2	12	2	1	1	61	637570477	0	0.180727
0	-2	2	12	2	1	1	62	637570477	0	0.180727
0	-2	2	12	2	1	1	63	637570477	0	0.180727
0	-2	2	12	2	1	1	64	637570477	0	0.180727
0	-2	2	12	2	1	1	65	637570477	0	0.180727
0	-2	2	12	2	1	1	66	637570477	0	0.180727
0	-2	2	12	2	1	1	67	637570477	0	0.180727
0	-2	2	12	2	1	1	68	637570477	0	0.180727
0	-2	2	12	2	1	1	69	637570477	0	0.180727
0	-2	2	12	2	1	1	70	637570477	0	0.180727
0	-2	2	12	2	1	1	71	637570477	0	0.180727
0	-2	2	12	2	1	1	72	637570477	0	0.180727
0	-2	2	12	2	1	1	73	637570477	0	0.180727
0	-2	2	12	2	1	1	74	637570477	0	0.180727
0	-2	2	12	2	1	1	75	637570477	0	0.180727
0	-2	2	12	2	1	1	76	637570477	0	0.180727
0	-2	2	12	2	1	1	77	637570477	0	0.180727
0	-2	2	12	2	1	1	78	637570477	0	0.180727
0	-2	2	12	2	1	1	79	637570477	0	0.180727
0	-2	2	12	2	1	1	80	637570477	0	0.180727
0	-2	2	12	2	1	1	81	637570477	0	0.180727
0	-2	2	12	2	1	1	82	637570477	0	0.180727
0	-2	2	12	2	1	1	83	637570477	0	0.180727
0	-2	2	12	2	1	1	84	637570477	0	0.180727
0	0	2	12	2	1	1	1	637570485	0	0.194817
0	0	2	12	2	1	1	2	637570485	0	0.194817
0	0	2	12	2	1	1	3	637570485	0	0.194817
0	0	2	12	2	1	1	4	637570485	0	0.194817
0	0	2	12	2	1	1	5	637570485	0	0.194817
0	0	2	12	2	1	1	6	637570485	0	0.194817
0	0	2	12	2	1	1	7	637570485	0	0.194817
0	0	2	12	2	1	1	8	637570485	0	0.194817
0	0	2	12	2	1	1	9	637570485	0	0.194817
0	0	2	12	2	1	1	10	637570485	0	0.194817
0	0	2	12	2	1	1	11	637570485	0	0.194817
0	0	2	12	2	1	1	12	637570485	0	0.194817
0	0	2	12	2	1	1	13	637570485	0	0.194817
0	0	2	12	2	1	1	14	637570485	0	0.194817
0	0	2	12	2	1	1	15	637570485	0	0.194817
0	0	2	12	2	1	1	16	637570485	0	0.194817
0	0	2	12	2	1	1	17	637570485	0	0.194817
0	0	2	12	2	1	1	18	637570485	0	0.194817
0	0	2	12	2	1	1	19	637570485	0	0.194817
0	0	2	12	2	1	1	20	637570485	0	0.194817
0	0	2	12	2	1	1	21	637570485	0	0.194817
0	0	2	12	2	1	1	22	637570485	0	0.194817
0	0	2	12	2	1	1	23	637570485	0	0.194817
0	0	2	12	2	1	1	24	637570485	0	0.194817
0	0	2	12	2	1	1	25	637570485	0	0.194817
0	0	2	12	2	1	1	26	637570485	0	0.194817
0	0	2	12	2	1	1	27	637570485	0	0.194817
0	0	2	12	2	1	1	28	637570485	0	0.194817
0	0	2	12	2	1	1	29	637570485	0	0.194817
0	0	2	12	2	1	1	30	637570485	0	0.194817
0	0	2	12	2	1	1	31	637570485	0	0.194817
0	0	2	12	2	1	1	32	637570485	0	0.194817
0	0	2	12	2	1	1	33	637570485	0	0.194817
0	0	2	12	2	1	1	34	637570485	0	0.194817
0	0	2	12	2	1	1	35	637570485	0	0.194817
0	0	2	12	2	1	1	36	637570485	0	0.194817
0	0	2	12	2	1	1	37	637570485	0	0.194817
0	0	2	12	2	1	1	38	637570485	0	0.194817
0	0	2	12	2	1	1	39	637570485	0	0.194817
0	0	2	12	2	1	1	40	637570485	0	0.194817
0	0	2	12	2	1	1	41	637570485	0	0.194817
0	0	2	12	2	1	1	42	637570485	0	0.194817
0	0	2	12	2	1	1	43	637570485	0	0.194817
0	0	2	12	2	1	1	44	637570485	0	0.194817
0	0	2	12	2	1	1	45	637570485	0	0.194817
0	0	2	12	2	1	1	46	637570485	0	0.194817
0	0	2	12	2	1	1	47	637570485	0	0.194817
0	0	2	12	2	1	1	48	637570485	0	0.194817
0	0	2	12	2	1	1	49	637570485	0	0.194817
0	0	2	12	2	1	1	50	637570485	0	0.194817
0	0	2	12	2	1	1	51	637570485	0	0.194817
0	0	2	12	2	1	1	52	637570485	0	0.194817
0	0	2	12	2	1	1	53	637570485	0	0.194817
0	0	2	12	2	1	1	54	637570485	0	0.194817
0	0	2	12	2	1	1	55	637570485	0	0.194817
0	0	2	12	2	1	1	56	637570485	0	0.194817
0	0	2	12	2	1	1	57	637570485	0	0.194817
0	0	2	12	2	1	1	58	637570485	0	0.194817
0	0	2	12	2	1	1	59	637570485	0	0.194817
0	0	2	12	2	1	1	60	637570485	0	0.194817
0	0	2	12	2	1	1	61	637570485	0	0.194817
0	0	2	12	2	1	1	62	637570485	0	0.194817
0	0	2	12	2	1	1	63	637570485	0	0.194817
0	0	2	12	2	1	1	64	637570485	0	0.194817
0	0	2	12	2	1	1	65	637570485	0	0.194817
0	0	2	12	2	1	1	66	637570485	0	0.194817
0	0	2	12	2	1	1	67	637570485	0	0.194817
0	0	2	12	2	1	1	68	637570485	0	0.194817
0	0	2	12	2	1	1	69	637570485	0	0.194817
0	0	2	12	2	1	1	70	637570485	0	0.194817
0	0	2	12	2	1	1	71	637570485	0	0.194817
0	0	2	12	2	1	1	72	637570485	0	0.194817
0	0	2	12	2	1	1	73	637570485	0	0.194817
0	0	2	12	2	1	1	74	637570485	0	0.194817
0	0	2	12	2	1	1	75	637570485	0	0.194817
0	0	2	12	2	1	1	76	637570485	0	0.194817
0	0	2	12	2	1	1	77	637570485	0	0.194817
0	0	2	12	2	1	1	78	637570485	0	0.194817
0	0	2	12	2	1	1	79	637570485	0	0.194817
0	0	2	12	2	1	1	80	637570485	0	0.194817
0	0	2	12	2	1	1	81	637570485	0	0.194817
0	0	2	12	2	1	1	82	637570485	0	0.194817
0	0	2	12	2	1	1	83	637570485	0	0.194817
0	0	2	12	2	1	1	84	637570485	0	0.194817
1	3	1	3	1	2	1	1	637571338	0	0.195913
1	3	1	3	1	2	1	2	637571338	0	0.195913
1	3	1	3	1	2	1	3	637571338	0	0.195913
1	3	1	3	1	2	1	4	637571338	0	0.195913
1	3	1	3	1	2	1	5	637571338	0	0.195913
1	3	1	3	1	2	1	6	637571338	0	0.195913
1	3	1	3	1	2	1	7	637571338	0	0.195913
1	3	1	3	1	2	1	8	637571338	0	0.195913
1	3	1	3	1	2	1	9	637571338	0	0.195913
1	3	1	3	1	2	1	10	637571338	0	0.195913
1	3	1	3	1	2	1	11	637571338	0	0.195913
1	3	1	3	1	2	1	12	637571338	0	0.195913
1	3	1	3	1	2	1	13	637571338	0	0.195913
1	3	1	3	1	2	1	14	637571338	0	0.195913
1	3	1	3	1	2	1	15	637571338	0	0.195913
1	3	1	3	1	2	1	16	637571338	0	0.195913
1	3	1	3	1	2	1	17	637571338	0	0.195913
1	3	1	3	1	2	1	18	637571338	0	0.195913
1	3	1	3	1	2	1	19	637571338	0	0.195913
1	3	1	3	1	2	1	20	637571338	0	0.195913
1	3	1	3	1	2	1	21	637571338	0	0.195913
1	3	1	3	1	2	1	22	637571338	0	0.195913
1	3	1	3	1	2	1	23	637571338	0	0.195913
1	3	1	3	1	2	1	24	637571338	0	0.195913
1	3	1	3	1	2	1	25	637571338	0	0.195913
1	3	1	3	1	2	1	26	637571338	0	0.195913
1	3	1	3	1	2	1	27	637571338	0	0.195913
1	3	1	3	1	2	1	28	637571338	0	0.195913
1	3	1	3	1	2	1	29	637571338	0	0.195913
1	3	1	3	1	2	1	30	637571338	0	0.195913
1	3	1	3	1	2	1	31	637571338	0	0.195913
1	3	1	3	1	2	1	32	637571338	0	0.195913
0	-1	4	12	1	2	1	1	637572593	0	0.914415
0	-1	4	12	1	2	1	2	637572593	0	0.914415
0	-1	4	12	1	2	1	3	637572593	0	0.914415
0	-1	4	12	1	2	1	4	637572593	0	0.914415
0	-1	4	12	1	2	1	5	637572593	0	0.914415
0	-1	4	12	1	2	1	6	637572593	0	0.914415
0	-1	4	12	1	2	1	7	637572593	0	0.914415
0	-1	4	12	1	2	1	8	637572593	0	0.914415
0	-1	4	12	1	2	1	9	637572593	0	0.914415
0	-1	4	12	1	2	1	10	637572593	0	0.914415
0	-1	4	12	1	2	1	11	637572593	0	0.914415
0	-1	4	12	1	2	1	12	637572593	0	0.914415
0	-1	4	12	1	2	1	13	637572593	0	0.914415
0	-1	4	12	1	2	1	14	637572593	0	0.914415
0	-1	4	12	1	2	1	15	637572593	0	0.914415
0	-1	4	12	1	2	1	16	637572593	0	0.914415
0	-1	4	12	1	2	1	17	637572593	0	0.914415
0	-1	4	12	1	2	1	18	637572593	0	0.914415
0	-1	4	12	1	2	1	19	637572593	0	0.914415
0	-1	4	12	1	2	1	20	637572593	0	0.914415
0	-1	4	12	1	2	1	21	637572593	0	0.914415
0	-1	4	12	1	2	1	22	637572593	0	0.914415
0	-1	4	12	1	2	1	23	637572593	0	0.914415
0	-1	4	12	1	2	1	24	637572593	0	0.914415
0	-1	4	12	1	2	1	25	637572593	0	0.914415
0	-1	4	12	1	2	1	26	637572593	0	0.914415
0	-1	4	12	1	2	1	27	637572593	0	0.914415
0	-1	4	12	1	2	1	28	637572593	0	0.914415
0	-1	4	12	1	2	1	29	637572593	0	0.914415
0	-1	4	12	1	2	1	30	637572593	0	0.914415
0	-1	4	12	1	2	1	31	637572593	0	0.914415
0	-1	4	12	1	2	1	32	637572593	0	0.914415
0	-1	4	12	1	2	1	33	637572593	0	0.914415
0	-1	4	12	1	2	1	34	637572593	0	0.914415
0	-1	4	12	1	2	1	35	637572593	0	0.914415
0	-1	4	12	1	2	1	36	637572593	0	0.914415
0	-1	4	12	1	2	1	37	637572593	0	0.914415
0	-1	4	12	1	2	1	38	637572593	0	0.914415
0	-1	4	12	1	2	1	39	637572593	0	0.914415
0	-1	4	12	1	2	1	40	637572593	0	0.914415
0	-1	4	12	1	2	1	41	637572593	0	0.914415
0	-1	4	12	1	2	1	42	637572593	0	0.914415
0	-1	4	12	1	2	1	43	637572593	0	0.914415
0	-1	4	12	1	2	1	44	637572593	0	0.914415
0	-1	4	12	1	2	1	45	637572593	0	0.914415
0	-1	4	12	1	2	1	46	637572593	0	0.914415
0	-1	4	12	1	2	1	47	637572593	0	0.914415
0	-1	4	12	1	2	1	48	637572593	0	0.914415
1	2	1	3	1	3	1	1	637575430	0	0.32103
1	2	1	3	1	3	1	2	637575430	0	0.32103
1	2	1	3	1	3	1	3	637575430	0	0.32103
1	2	1	3	1	3	1	4	637575430	0	0.32103
1	2	1	3	1	3	1	5	637575430	0	0.32103
1	2	1	3	1	3	1	6	637575430	0	0.32103
1	2	1	3	1	3	1	7	637575430	0	0.32103
1	2	1	3	1	3	1	8	637575430	0	0.32103
1	2	1	3	1	3	1	9	637575430	0	0.32103
1	2	1	3	1	3	1	10	637575430	0	0.32103
1	2	1	3	1	3	1	11	637575430	0	0.32103
1	2	1	3	1	3	1	12	637575430	0	0.32103
1	2	1	3	1	3	1	13	637575430	0	0.32103
1	2	1	3	1	3	1	14	637575430	0	0.32103
1	2	1	3	1	3	1	15	637575430	0	0.32103
1	2	1	3	1	3	1	16	637575430	0	0.32103
1	2	1	3	1	3	1	17	637575430	0	0.32103
1	2	1	3	1	3	1	18	637575430	0	0.32103
1	2	1	3	1	3	1	19	637575430	0	0.32103
1	2	1	3	1	3	1	20	637575430	0	0.32103
1	2	1	3	1	3	1	21	637575430	0	0.32103
1	2	1	3	1	3	1	22	637575430	0	0.32103
1	2	1	3	1	3	1	23	637575430	0	0.32103
1	2	1	3	1	3	1	24	637575430	0	0.32103
1	2	1	3	1	3	1	25	637575430	0	0.32103
1	2	1	3	1	3	1	26	637575430	0	0.32103
1	2	1	3	1	3	1	27	637575430	0	0.32103
1	2	1	3	1	3	1	28	637575430	0	0.32103
1	2	1	3	1	3	1	29	637575430	0	0.32103
1	2	1	3	1	3	1	30	637575430	0	0.32103
1	2	1	3	1	3	1	31	637575430	0	0.32103
1	2	1	3	1	3	1	32	637575430	0	0.32103
-1	3	1	2	1	4	1	1	637579400	0	0.176194
-1	3	1	2	1	4	1	2	637579400	0	0.176194
-1	3	1	2	1	4	1	3	637579400	0	0.176194
-1	3	1	2	1	4	1	4	637579400	0	0.176194
-1	3	1	2	1	4	1	5	637579400	0	0.176194
-1	3	1	2	1	4	1	6	637579400	0	0.176194
-1	3	1	2	1	4	1	7	637579400	0	0.176194
-1	3	1	2	1	4	1	8	637579400	0	0.176194
-1	3	1	2	1	4	1	9	637579400	0	0.176194
-1	3	1	2	1	4	1	10	637579400	0	0.176194
-1	3	1	2	1	4	1	11	637579400	0	0.176194
-1	3	1	2	1	4	1	12	637579400	0	0.176194
-1	3	1	2	1	4	1	13	637579400	0	0.176194
-1	3	1	2	1	4	1	14	637579400	0	0.176194
-1	3	1	2	1	4	1	15	637579400	0	0.176194
-1	3	1	2	1	4	1	16	637579400	0	0.176194
-1	3	1	2	1	4	1	17	637579400	0	0.176194
-1	3	1	2	1	4	1	18	637579400	0	0.176194
-1	3	1	2	1	4	1	19	637579400	0	0.176194
-1	3	1	2	1	4	1	20	637579400	0	0.176194
-1	3	1	2	1	4	1	21	637579400	0	0.176194
-1	3	1	2	1	4	1	22	637579400	0	0.176194
-1	3	1	2	1	4	1	23	637579400	0	0.176194
-1	3	1	2	1	4	1	24	637579400	0	0.176194
-1	3	1	2	1	4	1	25	637579400	0	0.176194
-1	3	1	2	1	4	1	26	637579400	0	0.176194
-1	3	1	2	1	4	1	27	637579400	0	0.176194
-1	3	1	2	1	4	1	28	637579400	0	0.176194
-1	3	1	2	1	4	1	29	637579400	0	0.176194
-1	3	1	2	1	4	1	30	637579400	0	0.176194
-1	3	1	2	1	4	1	31	637579400	0	0.176194
-1	3	1	2	1	4	1	32	637579400	0	0.176194
1	2	1	2	1	5	1	1	637583494	0	0.585153
1	2	1	2	1	5	1	2	637583494	0	0.585153
1	2	1	2	1	5	1	3	637583494	0	0.585153
1	2	1	2	1	5	1	4	637583494	0	0.585153
1	2	1	2	1	5	1	5	637583494	0	0.585153
1	2	1	2	1	5	1	6	637583494	0	0.585153
1	2	1	2	1	5	1	7	637583494	0	0.585153
1	2	1	2	1	5	1	8	637583494	0	0.585153
1	2	1	2	1	5	1	9	637583494	0	0.585153
1	2	1	2	1	5	1	10	637583494	0	0.585153
1	2	1	2	1	5	1	11	637583494	0	0.585153
1	2	1	2	1	5	1	12	637583494	0	0.585153
1	2	1	2	1	5	1	13	637583494	0	0.585153
1	2	1	2	1	5	1	14	637583494	0	0.585153
1	2	1	2	1	5	1	15	637583494	0	0.585153
1	2	1	2	1	5	1	16	637583494	0	0.585153
1	2	1	2	1	5	1	17	637583494	0	0.585153
1	2	1	2	1	5	1	18	637583494	0	0.585153
1	2	1	2	1	5	1	19	637583494	0	0.585153
1	2	1	2	1	5	1	20	637583494	0	0.585153
1	2	1	2	1	5	1	21	637583494	0	0.585153
1	2	1	2	1	5	1	22	637583494	0	0.585153
1	2	1	2	1	5	1	23	637583494	0	0.585153
1	2	1	2	1	5	1	24	637583494	0	0.585153
1	2	1	2	1	5	1	25	637583494	0	0.585153
1	2	1	2	1	5	1	26	637583494	0	0.585153
1	2	1	2	1	5	1	27	637583494	0	0.585153
1	2	1	2	1	5	1	28	637583494	0	0.585153
1	2	1	2	1	5	1	29	637583494	0	0.585153
1	2	1	2	1	5	1	30	637583494	0	0.585153
1	2	1	2	1	5	1	31	637583494	0	0.585153
1	2	1	2	1	5	1	32	637583494	0	0.585153
1	2	1	6	1	6	1	1	637588102	0	0.396519
1	2	1	6	1	6	1	2	637588102	0	0.396519
1	2	1	6	1	6	1	3	637588102	0	0.396519
1	2	1	6	1	6	1	4	637588102	0	0.396519
1	2	1	6	1	6	1	5	637588102	0	0.396519
1	2	1	6	1	6	1	6	637588102	0	0.396519
1	2	1	6	1	6	1	7	637588102	0	0.396519
1	2	1	6	1	6	1	8	637588102	0	0.396519
1	2	1	6	1	6	1	9	637588102	0	0.396519
1	2	1	6	1	6	1	10	637588102	0	0.396519
1	2	1	6	1	6	1	11	637588102	0	0.396519
1	2	1	6	1	6	1	12	637588102	0	0.396519
1	2	1	6	1	6	1	13	637588102	0	0.396519
1	2	1	6	1	6	1	14	637588102	0	0.396519
1	2	1	6	1	6	1	15	637588102	0	0.396519
1	2	1	6	1	6	1	16	637588102	0	0.396519
1	2	1	6	1	6	1	17	637588102	0	0.396519
1	2	1	6	1	6	1	18	637588102	0	0.396519
1	2	1	6	1	6	1	19	637588102	0	0.396519
1	2	1	6	1	6	1	20	637588102	0	0.396519
1	2	1	6	1	6	1	21	637588102	0	0.396519
1	2	1	6	1	6	1	22	637588102	0	0.396519
1	2	1	6	1	6	1	23	637588102	0	0.396519
1	2	1	6	1	6	1	24	637588102	0	0.396519
1	2	1	6	1	6	1	25	637588102	0	0.396519
1	2	1	6	1	6	1	26	637588102	0	0.396519
1	2	1	6	1	6	1	27	637588102	0	0.396519
1	2	1	6	1	6	1	28	637588102	0	0.396519
1	2	1	6	1	6	1	29	637588102	0	0.396519
1	2	1	6	1	6	1	30	637588102	0	0.396519
1	2	1	6	1	6	1	31	637588102	0	0.396519
1	2	1	6	1	6	1	32	637588102	0	0.396519
0	-1	2	4	1	1	2	1	637600177	0	0.194817
0	-1	2	4	1	1	2	2	637600177	0	0.194817
0	-1	2	4	1	1	2	3	637600177	0	0.194817
0	-1	2	4	1	1	2	4	637600177	0	0.194817
0	-1	2	4	1	1	2	5	637600177	0	0.194817
0	-1	2	4	1	1	2	6	637600177	0	0.194817
0	-1	2	4	1	1	2	7	637600177	0	0.194817
0	-1	2	4	1	1	2	8	637600177	0	0.194817
0	-1	2	4	1	1	2	9	637600177	0	0.194817
0	-1	2	4	1	1	2	10	637600177	0	0.194817
0	-1	2	4	1	1	2	11	637600177	0	0.194817
0	-1	2	4	1	1	2	12	637600177	0	0.194817
0	-1	2	4	1	1	2	13	637600177	0	0.194817
0	-1	2	4	1	1	2	14	637600177	0	0.194817
0	-1	2	4	1	1	2	15	637600177	0	0.194817
0	-1	2	4	1	1	2	16	637600177	0	0.194817
0	-1	2	4	1	1	2	17	637600177	0	0.194817
0	-1	2	4	1	1	2	18	637600177	0	0.194817
0	-1	2	4	1	1	2	19	637600177	0	0.194817
0	-1	2	4	1	1	2	20	637600177	0	0.194817
0	-1	2	4	1	1	2	21	637600177	0	0.194817
0	-1	2	4	1	1	2	22	637600177	0	0.194817
0	-1	2	4	1	1	2	23	637600177	0	0.194817
0	-1	2	4	1	1	2	24	637600177	0	0.194817
0	-1	2	4	1	1	2	25	637600177	0	0.194817
0	-1	2	4	1	1	2	26	637600177	0	0.194817
0	-1	2	4	1	1	2	27	637600177	0	0.194817
0	-1	2	4	1	1	2	28	637600177	0	0.194817
0	-1	2	4	1	1	2	29	637600177	0	0.194817
0	-1	2	4	1	1	2	30	637600177	0	0.194817
0	-1	2	4	1	1	2	31	637600177	0	0.194817
0	-1	2	4	1	1	2	32	637600177	0	0.194817
0	-1	2	4	1	1	2	33	637600177	0	0.194817
0	-1	2	4	1	1	2	34	637600177	0	0.194817
0	-1	2	4	1	1	2	35	637600177	0	0.194817
0	-1	2	4	1	1	2	36	637600177	0	0.194817
0	-1	2	4	1	1	2	37	637600177	0	0.194817
0	-1	2	4	1	1	2	38	637600177	0	0.194817
0	-1	2	4	1	1	2	39	637600177	0	0.194817
0	-1	2	4	1	1	2	40	637600177	0	0.194817
0	-1	2	4	1	1	2	41	637600177	0	0.194817
0	-1	2	4	1	1	2	42	637600177	0	0.194817
0	-1	2	4	1	1	2	43	637600177	0	0.194817
0	-1	2	4	1	1	2	44	637600177	0	0.194817
0	-1	2	4	1	1	2	45	637600177	0	0.194817
0	-1	2	4	1	1	2	46	637600177	0	0.194817
0	-1	2	4	1	1	2	47	637600177	0	0.194817
0	-1	2	4	1	1	2	48	637600177	0	0.194817
0	-1	2	4	1	1	2	49	637600177	0	0.194817
0	-1	2	4	1	1	2	50	637600177	0	0.194817
0	-1	2	4	1	1	2	51	637600177	0	0.194817
0	-1	2	4	1	1	2	52	637600177	0	0.194817
0	-1	2	4	1	1	2	53	637600177	0	0.194817
0	-1	2	4	1	1	2	54	637600177	0	0.194817
0	-1	2	4	1	1	2	55	637600177	0	0.194817
0	-1	2	4	1	1	2	56	637600177	0	0.194817
0	-1	2	4	1	1	2	57	637600177	0	0.194817
0	-1	2	4	1	1	2	58	637600177	0	0.194817
0	-1	2	4	1	1	2	59	637600177	0	0.194817
0	-1	2	4	1	1	2	60	637600177	0	0.194817
0	-1	2	4	1	1	2	61	637600177	0	0.194817
0	-1	2	4	1	1	2	62	637600177	0	0.194817
0	-1	2	4	1	1	2	63	637600177	0	0.194817
0	-1	2	4	1	1	2	64	637600177	0	0.194817
0	-1	2	4	1	1	2	65	637600177	0	0.194817
0	-1	2	4	1	1	2	66	637600177	0	0.194817
0	-1	2	4	1	1	2	67	637600177	0	0.194817
0	-1	2	4	1	1	2	68	637600177	0	0.194817
0	-1	2	4	1	1	2	69	637600177	0	0.194817
0	-1	2	4	1	1	2	70	637600177	0	0.194817
0	-1	2	4	1	1	2	71	637600177	0	0.194817
0	-1	2	4	1	1	2	72	637600177	0	0.194817
0	-1	2	4	1	1	2	73	637600177	0	0.194817
0	-1	2	4	1	1	2	74	637600177	0	0.194817
0	-1	2	4	1	1	2	75	637600177	0	0.194817
0	-1	2	4	1	1	2	76	637600177	0	0.194817
0	-1	2	4	1	1	2	77	637600177	0	0.194817
0	-1	2	4	1	1	2	78	637600177	0	0.194817
0	-1	2	4	1	1	2	79	637600177	0	0.194817
0	-1	2	4	1	1	2	80	637600177	0	0.194817
0	-1	2	4	1	1	2	81	637600177	0	0.194817
0	-1	2	4	1	1	2	82	637600177	0	0.194817
0	-1	2	4	1	1	2	83	637600177	0	0.194817
0	-1	2	4	1	1	2	84	637600177	0	0.194817
0	-1	2	4	1	1	2	85	637600177	0	0.194817
0	-1	2	4	1	1	2	86	637600177	0	0.194817
0	-1	2	4	1	1	2	87	637600177	0	0.194817
0	-1	2	4	1	1	2	88	637600177	0	0.194817
0	-1	2	4	1	1	2	89	637600177	0	0.194817
0	-1	2	4	1	1	2	90	637600177	0	0.194817
-1	2	3	6	1	1	2	1	637600452	0	0.725517
-1	2	3	6	1	1	2	2	637600452	0	0.725517
-1	2	3	6	1	1	2	3	637600452	0	0.725517
-1	2	3	6	1	1	2	4	637600452	0	0.725517
-1	2	3	6	1	1	2	5	637600452	0	0.725517
-1	2	3	6	1	1	2	6	637600452	0	0.725517
-1	2	3	6	1	1	2	7	637600452	0	0.725517
-1	2	3	6	1	1	2	8	637600452	0	0.725517
-1	2	3	6	1	1	2	9	637600452	0	0.725517
-1	2	3	6	1	1	2	10	637600452	0	0.725517
-1	2	3	6	1	1	2	11	637600452	0	0.725517
-1	2	3	6	1	1	2	12	637600452	0	0.725517
-1	2	3	6	1	1	2	13	637600452	0	0.725517
-1	2	3	6	1	1	2	14	637600452	0	0.725517
-1	2	3	6	1	1	2	15	637600452	0	0.725517
-1	2	3	6	1	1	2	16	637600452	0	0.725517
-1	2	3	6	1	1	2	17	637600452	0	0.725517
-1	2	3	6	1	1	2	18	637600452	0	0.725517
-1	2	3	6	1	1	2	19	637600452	0	0.725517
-1	2	3	6	1	1	2	20	637600452	0	0.725517
-1	2	3	6	1	1	2	21	637600452	0	0.725517
-1	2	3	6	1	1	2	22	637600452	0	0.725517
-1	2	3	6	1	1	2	23	637600452	0	0.725517
-1	2	3	6	1	1	2	24	637600452	0	0.725517
-1	2	3	6	1	1	2	25	637600452	0	0.725517
-1	2	3	6	1	1	2	26	637600452	0	0.725517
-1	2	3	6	1	1	2	27	637600452	0	0.725517
-1	2	3	6	1	1	2	28	637600452	0	0.725517
-1	2	3	6	1	1	2	29	637600452	0	0.725517
-1	2	3	6	1	1	2	30	637600452	0	0.725517
-1	2	3	6	1	1	2	31	637600452	0	0.725517
-1	2	3	6	1	1	2	32	637600452	0	0.725517
-1	2	4	6	1	1	2	1	637600484	0	0.725517
-1	2	4	6	1	1	2	2	637600484	0	0.725517
-1	2	4	6	1	1	2	3	637600484	0	0.725517
-1	2	4	6	1	1	2	4	637600484	0	0.725517
-1	2	4	6	1	1	2	5	637600484	0	0.725517
-1	2	4	6	1	1	2	6	637600484	0	0.725517
-1	2	4	6	1	1	2	7	637600484	0	0.725517
-1	2	4	6	1	1	2	8	637600484	0	0.725517
-1	2	4	6	1	1	2	9	637600484	0	0.725517
-1	2	4	6	1	1	2	10	637600484	0	0.725517
-1	2	4	6	1	1	2	11	637600484	0	0.725517
-1	2	4	6	1	1	2	12	637600484	0	0.725517
-1	2	4	6	1	1	2	13	637600484	0	0.725517
-1	2	4	6	1	1	2	14	637600484	0	0.725517
-1	2	4	6	1	1	2	15	637600484	0	0.725517
-1	2	4	6	1	1	2	16	637600484	0	0.725517
-1	2	4	6	1	1	2	17	637600484	0	0.725517
-1	2	4	6	1	1	2	18	637600484	0	0.725517
-1	2	4	6	1	1	2	19	637600484	0	0.725517
-1	2	4	6	1	1	2	20	637600484	0	0.725517
-1	2	4	6	1	1	2	21	637600484	0	0.725517
-1	2	4	6	1	1	2	22	637600484	0	0.725517
-1	2	4	6	1	1	2	23	637600484	0	0.725517
-1	2	4	6	1	1	2	24	637600484	0	0.725517
-1	2	4	6	1	1	2	25	637600484	0	0.725517
-1	2	4	6	1	1	2	26	637600484	0	0.725517
-1	2	4	6	1	1	2	27	637600484	0	0.725517
-1	2	4	6	1	1	2	28	637600484	0	0.725517
-1	2	4	6	1	1	2	29	637600484	0	0.725517
-1	2	4	6	1	1	2	30	637600484	0	0.725517
-1	2	4	6	1	1	2	31	637600484	0	0.725517
-1	2	4	6	1	1	2	32	637600484	0	0.725517
0	0	2	11	1	1	2	1	637601077	0	0.194817
0	0	2	11	1	1	2	2	637601077	0	0.194817
0	0	2	11	1	1	2	3	637601077	0	0.194817
0	0	2	11	1	1	2	4	637601077	0	0.194817
0	0	2	11	1	1	2	5	637601077	0	0.194817
0	0	2	11	1	1	2	6	637601077	0	0.194817
0	0	2	11	1	1	2	7	637601077	0	0.194817
0	0	2	11	1	1	2	8	637601077	0	0.194817
0	0	2	11	1	1	2	9	637601077	0	0.194817
0	0	2	11	1	1	2	10	637601077	0	0.194817
0	0	2	11	1	1	2	11	637601077	0	0.194817
0	0	2	11	1	1	2	12	637601077	0	0.194817
0	0	2	11	1	1	2	13	637601077	0	0.194817
0	0	2	11	1	1	2	14	637601077	0	0.194817
0	0	2	11	1	1	2	15	637601077	0	0.194817
0	0	2	11	1	1	2	16	637601077	0	0.194817
0	0	2	11	1	1	2	17	637601077	0	0.194817
0	0	2	11	1	1	2	18	637601077	0	0.194817
0	0	2	11	1	1	2	19	637601077	0	0.194817
0	0	2	11	1	1	2	20	637601077	0	0.194817
0	0	2	11	1	1	2	21	637601077	0	0.194817
0	0	2	11	1	1	2	22	637601077	0	0.194817
0	0	2	11	1	1	2	23	637601077	0	0.194817
0	0	2	11	1	1	2	24	637601077	0	0.194817
0	0	2	11	1	1	2	25	637601077	0	0.194817
0	0	2	11	1	1	2	26	637601077	0	0.194817
0	0	2	11	1	1	2	27	637601077	0	0.194817
0	0	2	11	1	1	2	28	637601077	0	0.194817
0	0	2	11	1	1	2	29	637601077	0	0.194817
0	0	2	11	1	1	2	30	637601077	0	0.194817
0	0	2	11	1	1	2	31	637601077	0	0.194817
0	0	2	11	1	1	2	32	637601077	0	0.194817
0	0	2	11	1	1	2	33	637601077	0	0.194817
0	0	2	11	1	1	2	34	637601077	0	0.194817
0	0	2	11	1	1	2	35	637601077	0	0.194817
0	0	2	11	1	1	2	36	637601077	0	0.194817
0	0	2	11	1	1	2	37	637601077	0	0.194817
0	0	2	11	1	1	2	38	637601077	0	0.194817
0	0	2	11	1	1	2	39	637601077	0	0.194817
0	0	2	11	1	1	2	40	637601077	0	0.194817
0	0	2	11	1	1	2	41	637601077	0	0.194817
0	0	2	11	1	1	2	42	637601077	0	0.194817
0	0	2	11	1	1	2	43	637601077	0	0.194817
0	0	2	11	1	1	2	44	637601077	0	0.194817
0	0	2	11	1	1	2	45	637601077	0	0.194817
0	0	2	11	1	1	2	46	637601077	0	0.194817
0	0	2	11	1	1	2	47	637601077	0	0.194817
0	0	2	11	1	1	2	48	637601077	0	0.194817
0	0	2	11	1	1	2	49	637601077	0	0.194817
0	0	2	11	1	1	2	50	637601077	0	0.194817
0	0	2	11	1	1	2	51	637601077	0	0.194817
0	0	2	11	1	1	2	52	637601077	0	0.194817
0	0	2	11	1	1	2	53	637601077	0	0.194817
0	0	2	11	1	1	2	54	637601077	0	0.194817
0	0	2	11	1	1	2	55	637601077	0	0.194817
0	0	2	11	1	1	2	56	637601077	0	0.194817
0	0	2	11	1	1	2	57	637601077	0	0.194817
0	0	2	11	1	1	2	58	637601077	0	0.194817
0	0	2	11	1	1	2	59	637601077	0	0.194817
0	0	2	11	1	1	2	60	637601077	0	0.194817
0	0	2	11	1	1	2	61	637601077	0	0.194817
0	0	2	11	1	1	2	62	637601077	0	0.194817
0	0	2	11	1	1	2	63	637601077	0	0.194817
0	0	2	11	1	1	2	64	637601077	0	0.194817
0	0	2	11	1	1	2	65	637601077	0	0.194817
0	0	2	11	1	1	2	66	637601077	0	0.194817
0	0	2	11	1	1	2	67	637601077	0	0.194817
0	0	2	11	1	1	2	68	637601077	0	0.194817
0	0	2	11	1	1	2	69	637601077	0	0.194817
0	0	2	11	1	1	2	70	637601077	0	0.194817
0	0	2	11	1	1	2	71	637601077	0	0.194817
0	0	2	11	1	1	2	72	637601077	0	0.194817
0	0	2	11	1	1	2	73	637601077	0	0.194817
0	0	2	11	1	1	2	74	637601077	0	0.194817
0	0	2	11	1	1	2	75	637601077	0	0.194817
0	0	2	11	1	1	2	76	637601077	0	0.194817
0	0	2	11	1	1	2	77	637601077	0	0.194817
0	0	2	11	1	1	2	78	637601077	0	0.194817
0	0	2	11	1	1	2	79	637601077	0	0.194817
0	0	2	11	1	1	2	80	637601077	0	0.194817
0	0	2	11	1	1	2	81	637601077	0	0.194817
0	0	2	11	1	1	2	82	637601077	0	0.194817
0	0	2	11	1	1	2	83	637601077	0	0.194817
0	0	2	11	1	1	2	84	637601077	0	0.194817
0	0	2	11	1	1	2	85	637601077	0	0.194817
0	0	2	11	1	1	2	86	637601077	0	0.194817
0	0	2	11	1	1	2	87	637601077	0	0.194817
0	0	2	11	1	1	2	88	637601077	0	0.194817
0	0	2	11	1	1	2	89	637601077	0	0.194817
0	0	2	11	1	1	2	90	637601077	0	0.194817
0	-2	2	12	2	1	2	1	637603245	0	0.364124
0	-2	2	12	2	1	2	2	637603245	0	0.364124
0	-2	2	12	2	1	2	3	637603245	0	0.364124
0	-2	2	12	2	1	2	4	637603245	0	0.364124
0	-2	2	12	2	1	2	5	637603245	0	0.364124
0	-2	2	12	2	1	2	6	637603245	0	0.364124
0	-2	2	12	2	1	2	7	637603245	0	0.364124
0	-2	2	12	2	1	2	8	637603245	0	0.364124
0	-2	2	12	2	1	2	9	637603245	0	0.364124
0	-2	2	12	2	1	2	10	637603245	0	0.364124
0	-2	2	12	2	1	2	11	637603245	0	0.364124
0	-2	2	12	2	1	2	12	637603245	0	0.364124
0	-2	2	12	2	1	2	13	637603245	0	0.364124
0	-2	2	12	2	1	2	14	637603245	0	0.364124
0	-2	2	12	2	1	2	15	637603245	0	0.364124
0	-2	2	12	2	1	2	16	637603245	0	0.364124
0	-2	2	12	2	1	2	17	637603245	0	0.364124
0	-2	2	12	2	1	2	18	637603245	0	0.364124
0	-2	2	12	2	1	2	19	637603245	0	0.364124
0	-2	2	12	2	1	2	20	637603245	0	0.364124
0	-2	2	12	2	1	2	21	637603245	0	0.364124
0	-2	2	12	2	1	2	22	637603245	0	0.364124
0	-2	2	12	2	1	2	23	637603245	0	0.364124
0	-2	2	12	2	1	2	24	637603245	0	0.364124
0	-2	2	12	2	1	2	25	637603245	0	0.364124
0	-2	2	12	2	1	2	26	637603245	0	0.364124
0	-2	2	12	2	1	2	27	637603245	0	0.364124
0	-2	2	12	2	1	2	28	637603245	0	0.364124
0	-2	2	12	2	1	2	29	637603245	0	0.364124
0	-2	2	12	2	1	2	30	637603245	0	0.364124
0	-2	2	12	2	1	2	31	637603245	0	0.364124
0	-2	2	12	2	1	2	32	637603245	0	0.364124
0	-2	2	12	2	1	2	33	637603245	0	0.364124
0	-2	2	12	2	1	2	34	637603245	0	0.364124
0	-2	2	12	2	1	2	35	637603245	0	0.364124
0	-2	2	12	2	1	2	36	637603245	0	0.364124
0	-2	2	12	2	1	2	37	637603245	0	0.364124
0	-2	2	12	2	1	2	38	637603245	0	0.364124
0	-2	2	12	2	1	2	39	637603245	0	0.364124
0	-2	2	12	2	1	2	40	637603245	0	0.364124
0	-2	2	12	2	1	2	41	637603245	0	0.364124
0	-2	2	12	2	1	2	42	637603245	0	0.364124
0	-2	2	12	2	1	2	43	637603245	0	0.364124
0	-2	2	12	2	1	2	44	637603245	0	0.364124
0	-2	2	12	2	1	2	45	637603245	0	0.364124
0	-2	2	12	2	1	2	46	637603245	0	0.364124
0	-2	2	12	2	1	2	47	637603245	0	0.364124
0	-2	2	12	2	1	2	48	637603245	0	0.364124
0	-2	2	12	2	1	2	49	637603245	0	0.364124
0	-2	2	12	2	1	2	50	637603245	0	0.364124
0	-2	2	12	2	1	2	51	637603245	0	0.364124
0	-2	2	12	2	1	2	52	637603245	0	0.364124
0	-2	2	12	2	1	2	53	637603245	0	0.364124
0	-2	2	12	2	1	2	54	637603245	0	0.364124
0	-2	2	12	2	1	2	55	637603245	0	0.364124
0	-2	2	12	2	1	2	56	637603245	0	0.364124
0	-2	2	12	2	1	2	57	637603245	0	0.364124
0	-2	2	12	2	1	2	58	637603245	0	0.364124
0	-2	2	12	2	1	2	59	637603245	0	0.364124
0	-2	2	12	2	1	2	60	637603245	0	0.364124
0	-2	2	12	2	1	2	61	637603245	0	0.364124
0	-2	2	12	2	1	2	62	637603245	0	0.364124
0	-2	2	12	2	1	2	63	637603245	0	0.364124
0	-2	2	12	2	1	2	64	637603245	0	0.364124
0	-2	2	12	2	1	2	65	637603245	0	0.364124
0	-2	2	12	2	1	2	66	637603245	0	0.364124
0	-2	2	12	2	1	2	67	637603245	0	0.364124
0	-2	2	12	2	1	2	68	637603245	0	0.364124
0	-2	2	12	2	1	2	69	637603245	0	0.364124
0	-2	2	12	2	1	2	70	637603245	0	0.364124
0	-2	2	12	2	1	2	71	637603245	0	0.364124
0	-2	2	12	2	1	2	72	637603245	0	0.364124
0	-2	2	12	2	1	2	73	637603245	0	0.364124
0	-2	2	12	2	1	2	74	637603245	0	0.364124
0	-2	2	12	2	1	2	75	637603245	0	0.364124
0	-2	2	12	2	1	2	76	637603245	0	0.364124
0	-2	2	12	2	1	2	77	637603245	0	0.364124
0	-2	2	12	2	1	2	78	637603245	0	0.364124
0	-2	2	12	2	1	2	79	637603245	0	0.364124
0	-2	2	12	2	1	2	80	637603245	0	0.364124
0	-2	2	12	2	1	2	81	637603245	0	0.364124
0	-2	2	12	2	1	2	82	637603245	0	0.364124
0	-2	2	12	2	1	2	83	637603245	0	0.364124
0	-2	2	12	2	1	2	84	637603245	0	0.364124
1	3	1	3	1	2	2	1	637604106	0	0.195913
1	3	1	3	1	2	2	2	637604106	0	0.195913
1	3	1	3	1	2	2	3	637604106	0	0.195913
1	3	1	3	1	2	2	4	637604106	0	0.195913
1	3	1	3	1	2	2	5	637604106	0	0.195913
1	3	1	3	1	2	2	6	637604106	0	0.195913
1	3	1	3	1	2	2	7	637604106	0	0.195913
1	3	1	3	1	2	2	8	637604106	0	0.195913
1	3	1	3	1	2	2	9	637604106	0	0.195913
1	3	1	3	1	2	2	10	637604106	0	0.195913
1	3	1	3	1	2	2	11	637604106	0	0.195913
1	3	1	3	1	2	2	12	637604106	0	0.195913
1	3	1	3	1	2	2	13	637604106	0	0.195913
1	3	1	3	1	2	2	14	637604106	0	0.195913
1	3	1	3	1	2	2	15	637604106	0	0.195913
1	3	1	3	1	2	2	16	637604106	0	0.195913
1	3	1	3	1	2	2	17	637604106	0	0.195913
1	3	1	3	1	2	2	18	637604106	0	0.195913
1	3	1	3	1	2	2	19	637604106	0	0.195913
1	3	1	3	1	2	2	20	637604106	0	0.195913
1	3	1	3	1	2	2	21	637604106	0	0.195913
1	3	1	3	1	2	2	22	637604106	0	0.195913
1	3	1	3	1	2	2	23	637604106	0	0.195913
1	3	1	3	1	2	2	24	637604106	0	0.195913
1	3	1	3	1	2	2	25	637604106	0	0.195913
1	3	1	3	1	2	2	26	637604106	0	0.195913
1	3	1	3	1	2	2	27	637604106	0	0.195913
1	3	1	3	1	2	2	28	637604106	0	0.195913
1	3	1	3	1	2	2	29	637604106	0	0.195913
1	3	1	3	1	2	2	30	637604106	0	0.195913
1	3	1	3	1	2	2	31	637604106	0	0.195913
1	3	1	3	1	2	2	32	637604106	0	0.195913
1	2	1	3	1	3	2	1	637608198	0	0.583887
1	2	1	3	1	3	2	2	637608198	0	0.583887
1	2	1	3	1	3	2	3	637608198	0	0.583887
1	2	1	3	1	3	2	4	637608198	0	0.583887
1	2	1	3	1	3	2	5	637608198	0	0.583887
1	2	1	3	1	3	2	6	637608198	0	0.583887
1	2	1	3	1	3	2	7	637608198	0	0.583887
1	2	1	3	1	3	2	8	637608198	0	0.583887
1	2	1	3	1	3	2	9	637608198	0	0.583887
1	2	1	3	1	3	2	10	637608198	0	0.583887
1	2	1	3	1	3	2	11	637608198	0	0.583887
1	2	1	3	1	3	2	12	637608198	0	0.583887
1	2	1	3	1	3	2	13	637608198	0	0.583887
1	2	1	3	1	3	2	14	637608198	0	0.583887
1	2	1	3	1	3	2	15	637608198	0	0.583887
1	2	1	3	1	3	2	16	637608198	0	0.583887
1	2	1	3	1	3	2	17	637608198	0	0.583887
1	2	1	3	1	3	2	18	637608198	0	0.583887
1	2	1	3	1	3	2	19	637608198	0	0.583887
1	2	1	3	1	3	2	20	637608198	0	0.583887
1	2	1	3	1	3	2	21	637608198	0	0.583887
1	2	1	3	1	3	2	22	637608198	0	0.583887
1	2	1	3	1	3	2	23	637608198	0	0.583887
1	2	1	3	1	3	2	24	637608198	0	0.583887
1	2	1	3	1	3	2	25	637608198	0	0.583887
1	2	1	3	1	3	2	26	637608198	0	0.583887
1	2	1	3	1	3	2	27	637608198	0	0.583887
1	2	1	3	1	3	2	28	637608198	0	0.583887
1	2	1	3	1	3	2	29	637608198	0	0.583887
1	2	1	3	1	3	2	30	637608198	0	0.583887
1	2	1	3	1	3	2	31	637608198	0	0.583887
1	2	1	3	1	3	2	32	637608198	0	0.583887
-1	3	1	2	1	4	2	1	637612168	0	0.176194
-1	3	1	2	1	4	2	2	637612168	0	0.176194
-1	3	1	2	1	4	2	3	637612168	0	0.176194
-1	3	1	2	1	4	2	4	637612168	0	0.176194
-1	3	1	2	1	4	2	5	637612168	0	0.176194
-1	3	1	2	1	4	2	6	637612168	0	0.176194
-1	3	1	2	1	4	2	7	637612168	0	0.176194
-1	3	1	2	1	4	2	8	637612168	0	0.176194
-1	3	1	2	1	4	2	9	637612168	0	0.176194
-1	3	1	2	1	4	2	10	637612168	0	0.176194
-1	3	1	2	1	4	2	11	637612168	0	0.176194
-1	3	1	2	1	4	2	12	637612168	0	0.176194
-1	3	1	2	1	4	2	13	637612168	0	0.176194
-1	3	1	2	1	4	2	14	637612168	0	0.176194
-1	3	1	2	1	4	2	15	637612168	0	0.176194
-1	3	1	2	1	4	2	16	637612168	0	0.176194
-1	3	1	2	1	4	2	17	637612168	0	0.176194
-1	3	1	2	1	4	2	18	637612168	0	0.176194
-1	3	1	2	1	4	2	19	637612168	0	0.176194
-1	3	1	2	1	4	2	20	637612168	0	0.176194
-1	3	1	2	1	4	2	21	637612168	0	0.176194
-1	3	1	2	1	4	2	22	637612168	0	0.176194
-1	3	1	2	1	4	2	23	637612168	0	0.176194
-1	3	1	2	1	4	2	24	637612168	0	0.176194
-1	3	1	2	1	4	2	25	637612168	0	0.176194
-1	3	1	2	1	4	2	26	637612168	0	0.176194
-1	3	1	2	1	4	2	27	637612168	0	0.176194
-1	3	1	2	1	4	2	28	637612168	0	0.176194
-1	3	1	2	1	4	2	29	637612168	0	0.176194
-1	3	1	2	1	4	2	30	637612168	0	0.176194
-1	3	1	2	1	4	2	31	637612168	0	0.176194
-1	3	1	2	1	4	2	32	637612168	0	0.176194
1	2	1	2	1	5	2	1	637616262	0	0.585153
1	2	1	2	1	5	2	2	637616262	0	0.585153
1	2	1	2	1	5	2	3	637616262	0	0.585153
1	2	1	2	1	5	2	4	637616262	0	0.585153
1	2	1	2	1	5	2	5	637616262	0	0.585153
1	2	1	2	1	5	2	6	637616262	0	0.585153
1	2	1	2	1	5	2	7	637616262	0	0.585153
1	2	1	2	1	5	2	8	637616262	0	0.585153
1	2	1	2	1	5	2	9	637616262	0	0.585153
1	2	1	2	1	5	2	10	637616262	0	0.585153
1	2	1	2	1	5	2	11	637616262	0	0.585153
1	2	1	2	1	5	2	12	637616262	0	0.585153
1	2	1	2	1	5	2	13	637616262	0	0.585153
1	2	1	2	1	5	2	14	637616262	0	0.585153
1	2	1	2	1	5	2	15	637616262	0	0.585153
1	2	1	2	1	5	2	16	637616262	0	0.585153
1	2	1	2	1	5	2	17	637616262	0	0.585153
1	2	1	2	1	5	2	18	637616262	0	0.585153
1	2	1	2	1	5	2	19	637616262	0	0.585153
1	2	1	2	1	5	2	20	637616262	0	0.585153
1	2	1	2	1	5	2	21	637616262	0	0.585153
1	2	1	2	1	5	2	22	637616262	0	0.585153
1	2	1	2	1	5	2	23	637616262	0	0.585153
1	2	1	2	1	5	2	24	637616262	0	0.585153
1	2	1	2	1	5	2	25	637616262	0	0.585153
1	2	1	2	1	5	2	26	637616262	0	0.585153
1	2	1	2	1	5	2	27	637616262	0	0.585153
1	2	1	2	1	5	2	28	637616262	0	0.585153
1	2	1	2	1	5	2	29	637616262	0	0.585153
1	2	1	2	1	5	2	30	637616262	0	0.585153
1	2	1	2	1	5	2	31	637616262	0	0.585153
1	2	1	2	1	5	2	32	637616262	0	0.585153
1	2	1	5	1	5	2	1	637616646	0	0.585153
1	2	1	5	1	5	2	2	637616646	0	0.585153
1	2	1	5	1	5	2	3	637616646	0	0.585153
1	2	1	5	1	5	2	4	637616646	0	0.585153
1	2	1	5	1	5	2	5	637616646	0	0.585153
1	2	1	5	1	5	2	6	637616646	0	0.585153
1	2	1	5	1	5	2	7	637616646	0	0.585153
1	2	1	5	1	5	2	8	637616646	0	0.585153
1	2	1	5	1	5	2	9	637616646	0	0.585153
1	2	1	5	1	5	2	10	637616646	0	0.585153
1	2	1	5	1	5	2	11	637616646	0	0.585153
1	2	1	5	1	5	2	12	637616646	0	0.585153
1	2	1	5	1	5	2	13	637616646	0	0.585153
1	2	1	5	1	5	2	14	637616646	0	0.585153
1	2	1	5	1	5	2	15	637616646	0	0.585153
1	2	1	5	1	5	2	16	637616646	0	0.585153
1	2	1	5	1	5	2	17	637616646	0	0.585153
1	2	1	5	1	5	2	18	637616646	0	0.585153
1	2	1	5	1	5	2	19	637616646	0	0.585153
1	2	1	5	1	5	2	20	637616646	0	0.585153
1	2	1	5	1	5	2	21	637616646	0	0.585153
1	2	1	5	1	5	2	22	637616646	0	0.585153
1	2	1	5	1	5	2	23	637616646	0	0.585153
1	2	1	5	1	5	2	24	637616646	0	0.585153
1	2	1	5	1	5	2	25	637616646	0	0.585153
1	2	1	5	1	5	2	26	637616646	0	0.585153
1	2	1	5	1	5	2	27	637616646	0	0.585153
1	2	1	5	1	5	2	28	637616646	0	0.585153
1	2	1	5	1	5	2	29	637616646	0	0.585153
1	2	1	5	1	5	2	30	637616646	0	0.585153
1	2	1	5	1	5	2	31	637616646	0	0.585153
1	2	1	5	1	5	2	32	637616646	0	0.585153
1	2	1	6	1	6	2	1	637620870	0	0.536783
1	2	1	6	1	6	2	2	637620870	0	0.536783
1	2	1	6	1	6	2	3	637620870	0	0.536783
1	2	1	6	1	6	2	4	637620870	0	0.536783
1	2	1	6	1	6	2	5	637620870	0	0.536783
1	2	1	6	1	6	2	6	637620870	0	0.536783
1	2	1	6	1	6	2	7	637620870	0	0.536783
1	2	1	6	1	6	2	8	637620870	0	0.536783
1	2	1	6	1	6	2	9	637620870	0	0.536783
1	2	1	6	1	6	2	10	637620870	0	0.536783
1	2	1	6	1	6	2	11	637620870	0	0.536783
1	2	1	6	1	6	2	12	637620870	0	0.536783
1	2	1	6	1	6	2	13	637620870	0	0.536783
1	2	1	6	1	6	2	14	637620870	0	0.536783
1	2	1	6	1	6	2	15	637620870	0	0.536783
1	2	1	6	1	6	2	16	637620870	0	0.536783
1	2	1	6	1	6	2	17	637620870	0	0.536783
1	2	1	6	1	6	2	18	637620870	0	0.536783
1	2	1	6	1	6	2	19	637620870	0	0.536783
1	2	1	6	1	6	2	20	637620870	0	0.536783
1	2	1	6	1	6	2	21	637620870	0	0.536783
1	2	1	6	1	6	2	22	637620870	0	0.536783
1	2	1	6	1	6	2	23	637620870	0	0.536783
1	2	1	6	1	6	2	24	637620870	0	0.536783
1	2	1	6	1	6	2	25	637620870	0	0.536783
1	2	1	6	1	6	2	26	637620870	0	0.536783
1	2	1	6	1	6	2	27	637620870	0	0.536783
1	2	1	6	1	6	2	28	637620870	0	0.536783
1	2	1	6	1	6	2	29	637620870	0	0.536783
1	2	1	6	1	6	2	30	637620870	0	0.536783
1	2	1	6	1	6	2	31	637620870	0	0.536783
1	2	1	6	1	6	2	32	637620870	0	0.536783
0	2	2	4	1	1	3	1	637632957	0	0.194817
0	2	2	4	1	1	3	2	637632957	0	0.194817
0	2	2	4	1	1	3	3	637632957	0	0.194817
0	2	2	4	1	1	3	4	637632957	0	0.194817
0	2	2	4	1	1	3	5	637632957	0	0.194817
0	2	2	4	1	1	3	6	637632957	0	0.194817
0	2	2	4	1	1	3	7	637632957	0	0.194817
0	2	2	4	1	1	3	8	637632957	0	0.194817
0	2	2	4	1	1	3	9	637632957	0	0.194817
0	2	2	4	1	1	3	10	637632957	0	0.194817
0	2	2	4	1	1	3	11	637632957	0	0.194817
0	2	2	4	1	1	3	12	637632957	0	0.194817
0	2	2	4	1	1	3	13	637632957	0	0.194817
0	2	2	4	1	1	3	14	637632957	0	0.194817
0	2	2	4	1	1	3	15	637632957	0	0.194817
0	2	2	4	1	1	3	16	637632957	0	0.194817
0	2	2	4	1	1	3	17	637632957	0	0.194817
0	2	2	4	1	1	3	18	637632957	0	0.194817
0	2	2	4	1	1	3	19	637632957	0	0.194817
0	2	2	4	1	1	3	20	637632957	0	0.194817
0	2	2	4	1	1	3	21	637632957	0	0.194817
0	2	2	4	1	1	3	22	637632957	0	0.194817
0	2	2	4	1	1	3	23	637632957	0	0.194817
0	2	2	4	1	1	3	24	637632957	0	0.194817
0	2	2	4	1	1	3	25	637632957	0	0.194817
0	2	2	4	1	1	3	26	637632957	0	0.194817
0	2	2	4	1	1	3	27	637632957	0	0.194817
0	2	2	4	1	1	3	28	637632957	0	0.194817
0	2	2	4	1	1	3	29	637632957	0	0.194817
0	2	2	4	1	1	3	30	637632957	0	0.194817
0	2	2	4	1	1	3	31	637632957	0	0.194817
0	2	2	4	1	1	3	32	637632957	0	0.194817
0	2	2	4	1	1	3	33	637632957	0	0.194817
0	2	2	4	1	1	3	34	637632957	0	0.194817
0	2	2	4	1	1	3	35	637632957	0	0.194817
0	2	2	4	1	1	3	36	637632957	0	0.194817
0	2	2	4	1	1	3	37	637632957	0	0.194817
0	2	2	4	1	1	3	38	637632957	0	0.194817
0	2	2	4	1	1	3	39	637632957	0	0.194817
0	2	2	4	1	1	3	40	637632957	0	0.194817
0	2	2	4	1	1	3	41	637632957	0	0.194817
0	2	2	4	1	1	3	42	637632957	0	0.194817
0	2	2	4	1	1	3	43	637632957	0	0.194817
0	2	2	4	1	1	3	44	637632957	0	0.194817
0	2	2	4	1	1	3	45	637632957	0	0.194817
0	2	2	4	1	1	3	46	637632957	0	0.194817
0	2	2	4	1	1	3	47	637632957	0	0.194817
0	2	2	4	1	1	3	48	637632957	0	0.194817
0	2	2	4	1	1	3	49	637632957	0	0.194817
0	2	2	4	1	1	3	50	637632957	0	0.194817
0	2	2	4	1	1	3	51	637632957	0	0.194817
0	2	2	4	1	1	3	52	637632957	0	0.194817
0	2	2	4	1	1	3	53	637632957	0	0.194817
0	2	2	4	1	1	3	54	637632957	0	0.194817
0	2	2	4	1	1	3	55	637632957	0	0.194817
0	2	2	4	1	1	3	56	637632957	0	0.194817
0	2	2	4	1	1	3	57	637632957	0	0.194817
0	2	2	4	1	1	3	58	637632957	0	0.194817
0	2	2	4	1	1	3	59	637632957	0	0.194817
0	2	2	4	1	1	3	60	637632957	0	0.194817
0	2	2	4	1	1	3	61	637632957	0	0.194817
0	2	2	4	1	1	3	62	637632957	0	0.194817
0	2	2	4	1	1	3	63	637632957	0	0.194817
0	2	2	4	1	1	3	64	637632957	0	0.194817
0	2	2	4	1	1	3	65	637632957	0	0.194817
0	2	2	4	1	1	3	66	637632957	0	0.194817
0	2	2	4	1	1	3	67	637632957	0	0.194817
0	2	2	4	1	1	3	68	637632957	0	0.194817
0	2	2	4	1	1	3	69	637632957	0	0.194817
0	2	2	4	1	1	3	70	637632957	0	0.194817
0	2	2	4	1	1	3	71	637632957	0	0.194817
0	2	2	4	1	1	3	72	637632957	0	0.194817
0	2	2	4	1	1	3	73	637632957	0	0.194817
0	2	2	4	1	1	3	74	637632957	0	0.194817
0	2	2	4	1	1	3	75	637632957	0	0.194817
0	2	2	4	1	1	3	76	637632957	0	0.194817
0	2	2	4	1	1	3	77	637632957	0	0.194817
0	2	2	4	1	1	3	78	637632957	0	0.194817
0	2	2	4	1	1	3	79	637632957	0	0.194817
0	2	2	4	1	1	3	80	637632957	0	0.194817
0	2	2	4	1	1	3	81	637632957	0	0.194817
0	2	2	4	1	1	3	82	637632957	0	0.194817
0	2	2	4	1	1	3	83	637632957	0	0.194817
0	2	2	4	1	1	3	84	637632957	0	0.194817
0	2	2	4	1	1	3	85	637632957	0	0.194817
0	2	2	4	1	1	3	86	637632957	0	0.194817
0	2	2	4	1	1	3	87	637632957	0	0.194817
0	2	2	4	1	1	3	88	637632957	0	0.194817
0	2	2	4	1	1	3	89	637632957	0	0.194817
0	2	2	4	1	1	3	90	637632957	0	0.194817
0	0	2	5	1	1	3	1	637633077	0	0.194817
0	0	2	5	1	1	3	2	637633077	0	0.194817
0	0	2	5	1	1	3	3	637633077	0	0.194817
0	0	2	5	1	1	3	4	637633077	0	0.194817
0	0	2	5	1	1	3	5	637633077	0	0.194817
0	0	2	5	1	1	3	6	637633077	0	0.194817
0	0	2	5	1	1	3	7	637633077	0	0.194817
0	0	2	5	1	1	3	8	637633077	0	0.194817
0	0	2	5	1	1	3	9	637633077	0	0.194817
0	0	2	5	1	1	3	10	637633077	0	0.194817
0	0	2	5	1	1	3	11	637633077	0	0.194817
0	0	2	5	1	1	3	12	637633077	0	0.194817
0	0	2	5	1	1	3	13	637633077	0	0.194817
0	0	2	5	1	1	3	14	637633077	0	0.194817
0	0	2	5	1	1	3	15	637633077	0	0.194817
0	0	2	5	1	1	3	16	637633077	0	0.194817
0	0	2	5	1	1	3	17	637633077	0	0.194817
0	0	2	5	1	1	3	18	637633077	0	0.194817
0	0	2	5	1	1	3	19	637633077	0	0.194817
0	0	2	5	1	1	3	20	637633077	0	0.194817
0	0	2	5	1	1	3	21	637633077	0	0.194817
0	0	2	5	1	1	3	22	637633077	0	0.194817
0	0	2	5	1	1	3	23	637633077	0	0.194817
0	0	2	5	1	1	3	24	637633077	0	0.194817
0	0	2	5	1	1	3	25	637633077	0	0.194817
0	0	2	5	1	1	3	26	637633077	0	0.194817
0	0	2	5	1	1	3	27	637633077	0	0.194817
0	0	2	5	1	1	3	28	637633077	0	0.194817
0	0	2	5	1	1	3	29	637633077	0	0.194817
0	0	2	5	1	1	3	30	637633077	0	0.194817
0	0	2	5	1	1	3	31	637633077	0	0.194817
0	0	2	5	1	1	3	32	637633077	0	0.194817
0	0	2	5	1	1	3	33	637633077	0	0.194817
0	0	2	5	1	1	3	34	637633077	0	0.194817
0	0	2	5	1	1	3	35	637633077	0	0.194817
0	0	2	5	1	1	3	36	637633077	0	0.194817
0	0	2	5	1	1	3	37	637633077	0	0.194817
0	0	2	5	1	1	3	38	637633077	0	0.194817
0	0	2	5	1	1	3	39	637633077	0	0.194817
0	0	2	5	1	1	3	40	637633077	0	0.194817
0	0	2	5	1	1	3	41	637633077	0	0.194817
0	0	2	5	1	1	3	42	637633077	0	0.194817
0	0	2	5	1	1	3	43	637633077	0	0.194817
0	0	2	5	1	1	3	44	637633077	0	0.194817
0	0	2	5	1	1	3	45	637633077	0	0.194817
0	0	2	5	1	1	3	46	637633077	0	0.194817
0	0	2	5	1	1	3	47	637633077	0	0.194817
0	0	2	5	1	1	3	48	637633077	0	0.194817
0	0	2	5	1	1	3	49	637633077	0	0.194817
0	0	2	5	1	1	3	50	637633077	0	0.194817
0	0	2	5	1	1	3	51	637633077	0	0.194817
0	0	2	5	1	1	3	52	637633077	0	0.194817
0	0	2	5	1	1	3	53	637633077	0	0.194817
0	0	2	5	1	1	3	54	637633077	0	0.194817
0	0	2	5	1	1	3	55	637633077	0	0.194817
0	0	2	5	1	1	3	56	637633077	0	0.194817
0	0	2	5	1	1	3	57	637633077	0	0.194817
0	0	2	5	1	1	3	58	637633077	0	0.194817
0	0	2	5	1	1	3	59	637633077	0	0.194817
0	0	2	5	1	1	3	60	637633077	0	0.194817
0	0	2	5	1	1	3	61	637633077	0	0.194817
0	0	2	5	1	1	3	62	637633077	0	0.194817
0	0	2	5	1	1	3	63	637633077	0	0.194817
0	0	2	5	1	1	3	64	637633077	0	0.194817
0	0	2	5	1	1	3	65	637633077	0	0.194817
0	0	2	5	1	1	3	66	637633077	0	0.194817
0	0	2	5	1	1	3	67	637633077	0	0.194817
0	0	2	5	1	1	3	68	637633077	0	0.194817
0	0	2	5	1	1	3	69	637633077	0	0.194817
0	0	2	5	1	1	3	70	637633077	0	0.194817
0	0	2	5	1	1	3	71	637633077	0	0.194817
0	0	2	5	1	1	3	72	637633077	0	0.194817
0	0	2	5	1	1	3	73	637633077	0	0.194817
0	0	2	5	1	1	3	74	637633077	0	0.194817
0	0	2	5	1	1	3	75	637633077	0	0.194817
0	0	2	5	1	1	3	76	637633077	0	0.194817
0	0	2	5	1	1	3	77	637633077	0	0.194817
0	0	2	5	1	1	3	78	637633077	0	0.194817
0	0	2	5	1	1	3	79	637633077	0	0.194817
0	0	2	5	1	1	3	80	637633077	0	0.194817
0	0	2	5	1	1	3	81	637633077	0	0.194817
0	0	2	5	1	1	3	82	637633077	0	0.194817
0	0	2	5	1	1	3	83	637633077	0	0.194817
0	0	2	5	1	1	3	84	637633077	0	0.194817
0	0	2	5	1	1	3	85	637633077	0	0.194817
0	0	2	5	1	1	3	86	637633077	0	0.194817
0	0	2	5	1	1	3	87	637633077	0	0.194817
0	0	2	5	1	1	3	88	637633077	0	0.194817
0	0	2	5	1	1	3	89	637633077	0	0.194817
0	0	2	5	1	1	3	90	637633077	0	0.194817
0	-1	3	5	1	1	3	1	637633105	0	0.0691617
0	-1	3	5	1	1	3	2	637633105	0	0.0691617
0	-1	3	5	1	1	3	3	637633105	0	0.0691617
0	-1	3	5	1	1	3	4	637633105	0	0.0691617
0	-1	3	5	1	1	3	5	637633105	0	0.0691617
0	-1	3	5	1	1	3	6	637633105	0	0.0691617
0	-1	3	5	1	1	3	7	637633105	0	0.0691617
0	-1	3	5	1	1	3	8	637633105	0	0.0691617
0	-1	3	5	1	1	3	9	637633105	0	0.0691617
0	-1	3	5	1	1	3	10	637633105	0	0.0691617
0	-1	3	5	1	1	3	11	637633105	0	0.0691617
0	-1	3	5	1	1	3	12	637633105	0	0.0691617
0	-1	3	5	1	1	3	13	637633105	0	0.0691617
0	-1	3	5	1	1	3	14	637633105	0	0.0691617
0	-1	3	5	1	1	3	15	637633105	0	0.0691617
0	-1	3	5	1	1	3	16	637633105	0	0.0691617
0	-1	3	5	1	1	3	17	637633105	0	0.0691617
0	-1	3	5	1	1	3	18	637633105	0	0.0691617
0	-1	3	5	1	1	3	19	637633105	0	0.0691617
0	-1	3	5	1	1	3	20	637633105	0	0.0691617
0	-1	3	5	1	1	3	21	637633105	0	0.0691617
0	-1	3	5	1	1	3	22	637633105	0	0.0691617
0	-1	3	5	1	1	3	23	637633105	0	0.0691617
0	-1	3	5	1	1	3	24	637633105	0	0.0691617
0	-1	3	5	1	1	3	25	637633105	0	0.0691617
0	-1	3	5	1	1	3	26	637633105	0	0.0691617
0	-1	3	5	1	1	3	27	637633105	0	0.0691617
0	-1	3	5	1	1	3	28	637633105	0	0.0691617
0	-1	3	5	1	1	3	29	637633105	0	0.0691617
0	-1	3	5	1	1	3	30	637633105	0	0.0691617
0	-1	3	5	1	1	3	31	637633105	0	0.0691617
0	-1	3	5	1	1	3	32	637633105	0	0.0691617
0	-1	3	5	1	1	3	33	637633105	0	0.0691617
0	-1	3	5	1	1	3	34	637633105	0	0.0691617
0	-1	3	5	1	1	3	35	637633105	0	0.0691617
0	-1	3	5	1	1	3	36	637633105	0	0.0691617
0	-1	3	5	1	1	3	37	637633105	0	0.0691617
0	-1	3	5	1	1	3	38	637633105	0	0.0691617
0	-1	3	5	1	1	3	39	637633105	0	0.0691617
0	-1	3	5	1	1	3	40	637633105	0	0.0691617
0	-1	3	5	1	1	3	41	637633105	0	0.0691617
0	-1	3	5	1	1	3	42	637633105	0	0.0691617
0	-2	2	12	1	1	3	1	637633965	0	0.194817
0	-2	2	12	1	1	3	2	637633965	0	0.194817
0	-2	2	12	1	1	3	3	637633965	0	0.194817
0	-2	2	12	1	1	3	4	637633965	0	0.194817
0	-2	2	12	1	1	3	5	637633965	0	0.194817
0	-2	2	12	1	1	3	6	637633965	0	0.194817
0	-2	2	12	1	1	3	7	637633965	0	0.194817
0	-2	2	12	1	1	3	8	637633965	0	0.194817
0	-2	2	12	1	1	3	9	637633965	0	0.194817
0	-2	2	12	1	1	3	10	637633965	0	0.194817
0	-2	2	12	1	1	3	11	637633965	0	0.194817
0	-2	2	12	1	1	3	12	637633965	0	0.194817
0	-2	2	12	1	1	3	13	637633965	0	0.194817
0	-2	2	12	1	1	3	14	637633965	0	0.194817
0	-2	2	12	1	1	3	15	637633965	0	0.194817
0	-2	2	12	1	1	3	16	637633965	0	0.194817
0	-2	2	12	1	1	3	17	637633965	0	0.194817
0	-2	2	12	1	1	3	18	637633965	0	0.194817
0	-2	2	12	1	1	3	19	637633965	0	0.194817
0	-2	2	12	1	1	3	20	637633965	0	0.194817
0	-2	2	12	1	1	3	21	637633965	0	0.194817
0	-2	2	12	1	1	3	22	637633965	0	0.194817
0	-2	2	12	1	1	3	23	637633965	0	0.194817
0	-2	2	12	1	1	3	24	637633965	0	0.194817
0	-2	2	12	1	1	3	25	637633965	0	0.194817
0	-2	2	12	1	1	3	26	637633965	0	0.194817
0	-2	2	12	1	1	3	27	637633965	0	0.194817
0	-2	2	12	1	1	3	28	637633965	0	0.194817
0	-2	2	12	1	1	3	29	637633965	0	0.194817
0	-2	2	12	1	1	3	30	637633965	0	0.194817
0	-2	2	12	1	1	3	31	637633965	0	0.194817
0	-2	2	12	1	1	3	32	637633965	0	0.194817
0	-2	2	12	1	1	3	33	637633965	0	0.194817
0	-2	2	12	1	1	3	34	637633965	0	0.194817
0	-2	2	12	1	1	3	35	637633965	0	0.194817
0	-2	2	12	1	1	3	36	637633965	0	0.194817
0	-2	2	12	1	1	3	37	637633965	0	0.194817
0	-2	2	12	1	1	3	38	637633965	0	0.194817
0	-2	2	12	1	1	3	39	637633965	0	0.194817
0	-2	2	12	1	1	3	40	637633965	0	0.194817
0	-2	2	12	1	1	3	41	637633965	0	0.194817
0	-2	2	12	1	1	3	42	637633965	0	0.194817
0	-2	2	12	1	1	3	43	637633965	0	0.194817
0	-2	2	12	1	1	3	44	637633965	0	0.194817
0	-2	2	12	1	1	3	45	637633965	0	0.194817
0	-2	2	12	1	1	3	46	637633965	0	0.194817
0	-2	2	12	1	1	3	47	637633965	0	0.194817
0	-2	2	12	1	1	3	48	637633965	0	0.194817
0	-2	2	12	1	1	3	49	637633965	0	0.194817
0	-2	2	12	1	1	3	50	637633965	0	0.194817
0	-2	2	12	1	1	3	51	637633965	0	0.194817
0	-2	2	12	1	1	3	52	637633965	0	0.194817
0	-2	2	12	1	1	3	53	637633965	0	0.194817
0	-2	2	12	1	1	3	54	637633965	0	0.194817
0	-2	2	12	1	1	3	55	637633965	0	0.194817
0	-2	2	12	1	1	3	56	637633965	0	0.194817
0	-2	2	12	1	1	3	57	637633965	0	0.194817
0	-2	2	12	1	1	3	58	637633965	0	0.194817
0	-2	2	12	1	1	3	59	637633965	0	0.194817
0	-2	2	12	1	1	3	60	637633965	0	0.194817
0	-2	2	12	1	1	3	61	637633965	0	0.194817
0	-2	2	12	1	1	3	62	637633965	0	0.194817
0	-2	2	12	1	1	3	63	637633965	0	0.194817
0	-2	2	12	1	1	3	64	637633965	0	0.194817
0	-2	2	12	1	1	3	65	637633965	0	0.194817
0	-2	2	12	1	1	3	66	637633965	0	0.194817
0	-2	2	12	1	1	3	67	637633965	0	0.194817
0	-2	2	12	1	1	3	68	637633965	0	0.194817
0	-2	2	12	1	1	3	69	637633965	0	0.194817
0	-2	2	12	1	1	3	70	637633965	0	0.194817
0	-2	2	12	1	1	3	71	637633965	0	0.194817
0	-2	2	12	1	1	3	72	637633965	0	0.194817
0	-2	2	12	1	1	3	73	637633965	0	0.194817
0	-2	2	12	1	1	3	74	637633965	0	0.194817
0	-2	2	12	1	1	3	75	637633965	0	0.194817
0	-2	2	12	1	1	3	76	637633965	0	0.194817
0	-2	2	12	1	1	3	77	637633965	0	0.194817
0	-2	2	12	1	1	3	78	637633965	0	0.194817
0	-2	2	12	1	1	3	79	637633965	0	0.194817
0	-2	2	12	1	1	3	80	637633965	0	0.194817
0	-2	2	12	1	1	3	81	637633965	0	0.194817
0	-2	2	12	1	1	3	82	637633965	0	0.194817
0	-2	2	12	1	1	3	83	637633965	0	0.194817
0	-2	2	12	1	1	3	84	637633965	0	0.194817
0	-2	2	12	1	1	3	85	637633965	0	0.194817
0	-2	2	12	1	1	3	86	637633965	0	0.194817
0	-2	2	12	1	1	3	87	637633965	0	0.194817
0	-2	2	12	1	1	3	88	637633965	0	0.194817
0	-2	2	12	1	1	3	89	637633965	0	0.194817
0	-2	2	12	1	1	3	90	637633965	0	0.194817
0	-1	1	4	2	1	3	1	637634961	0	0.592537
0	-1	1	4	2	1	3	2	637634961	0	0.592537
0	-1	1	4	2	1	3	3	637634961	0	0.592537
0	-1	1	4	2	1	3	4	637634961	0	0.592537
0	-1	1	4	2	1	3	5	637634961	0	0.592537
0	-1	1	4	2	1	3	6	637634961	0	0.592537
0	-1	1	4	2	1	3	7	637634961	0	0.592537
0	-1	1	4	2	1	3	8	637634961	0	0.592537
0	-1	1	4	2	1	3	9	637634961	0	0.592537
0	-1	1	4	2	1	3	10	637634961	0	0.592537
0	-1	1	4	2	1	3	11	637634961	0	0.592537
0	-1	1	4	2	1	3	12	637634961	0	0.592537
0	-1	1	4	2	1	3	13	637634961	0	0.592537
0	-1	1	4	2	1	3	14	637634961	0	0.592537
0	-1	1	4	2	1	3	15	637634961	0	0.592537
0	-1	1	4	2	1	3	16	637634961	0	0.592537
0	-1	1	4	2	1	3	17	637634961	0	0.592537
0	-1	1	4	2	1	3	18	637634961	0	0.592537
0	-1	1	4	2	1	3	19	637634961	0	0.592537
0	-1	1	4	2	1	3	20	637634961	0	0.592537
0	-1	1	4	2	1	3	21	637634961	0	0.592537
0	-1	1	4	2	1	3	22	637634961	0	0.592537
0	-1	1	4	2	1	3	23	637634961	0	0.592537
0	-1	1	4	2	1	3	24	637634961	0	0.592537
0	-1	1	4	2	1	3	25	637634961	0	0.592537
0	-1	1	4	2	1	3	26	637634961	0	0.592537
0	-1	1	4	2	1	3	27	637634961	0	0.592537
0	-1	1	4	2	1	3	28	637634961	0	0.592537
0	-1	1	4	2	1	3	29	637634961	0	0.592537
0	-1	1	4	2	1	3	30	637634961	0	0.592537
0	-1	1	4	2	1	3	31	637634961	0	0.592537
0	-1	1	4	2	1	3	32	637634961	0	0.592537
0	-1	1	4	2	1	3	33	637634961	0	0.592537
0	-1	1	4	2	1	3	34	637634961	0	0.592537
0	-1	1	4	2	1	3	35	637634961	0	0.592537
0	-1	1	4	2	1	3	36	637634961	0	0.592537
0	-1	1	4	2	1	3	37	637634961	0	0.592537
0	-1	1	4	2	1	3	38	637634961	0	0.592537
0	-1	1	4	2	1	3	39	637634961	0	0.592537
0	-1	1	4	2	1	3	40	637634961	0	0.592537
0	-1	1	4	2	1	3	41	637634961	0	0.592537
0	-1	1	4	2	1	3	42	637634961	0	0.592537
0	-1	1	4	2	1	3	43	637634961	0	0.592537
0	-1	1	4	2	1	3	44	637634961	0	0.592537
0	-1	1	4	2	1	3	45	637634961	0	0.592537
0	-1	1	4	2	1	3	46	637634961	0	0.592537
0	-1	1	4	2	1	3	47	637634961	0	0.592537
0	-1	1	4	2	1	3	48	637634961	0	0.592537
0	-1	1	4	2	1	3	49	637634961	0	0.592537
0	-1	1	4	2	1	3	50	637634961	0	0.592537
0	-1	1	4	2	1	3	51	637634961	0	0.592537
0	-1	1	4	2	1	3	52	637634961	0	0.592537
0	-1	1	4	2	1	3	53	637634961	0	0.592537
0	-1	1	4	2	1	3	54	637634961	0	0.592537
0	-1	1	4	2	1	3	55	637634961	0	0.592537
0	-1	1	4	2	1	3	56	637634961	0	0.592537
0	-1	1	4	2	1	3	57	637634961	0	0.592537
0	-1	1	4	2	1	3	58	637634961	0	0.592537
0	-1	1	4	2	1	3	59	637634961	0	0.592537
0	-1	1	4	2	1	3	60	637634961	0	0.592537
0	-1	1	4	2	1	3	61	637634961	0	0.592537
0	-1	1	4	2	1	3	62	637634961	0	0.592537
0	-1	1	4	2	1	3	63	637634961	0	0.592537
0	-1	1	4	2	1	3	64	637634961	0	0.592537
0	-1	1	4	2	1	3	65	637634961	0	0.592537
0	-1	1	4	2	1	3	66	637634961	0	0.592537
0	-1	1	4	2	1	3	67	637634961	0	0.592537
0	-1	1	4	2	1	3	68	637634961	0	0.592537
0	-1	1	4	2	1	3	69	637634961	0	0.592537
0	-1	1	4	2	1	3	70	637634961	0	0.592537
0	-1	1	4	2	1	3	71	637634961	0	0.592537
0	-1	1	4	2	1	3	72	637634961	0	0.592537
0	-1	1	4	2	1	3	73	637634961	0	0.592537
0	-1	1	4	2	1	3	74	637634961	0	0.592537
0	-1	1	4	2	1	3	75	637634961	0	0.592537
0	-1	1	4	2	1	3	76	637634961	0	0.592537
0	-1	1	4	2	1	3	77	637634961	0	0.592537
0	-1	1	4	2	1	3	78	637634961	0	0.592537
0	-1	1	4	2	1	3	79	637634961	0	0.592537
0	-1	1	4	2	1	3	80	637634961	0	0.592537
0	-1	1	4	2	1	3	81	637634961	0	0.592537
0	-1	1	4	2	1	3	82	637634961	0	0.592537
0	-1	1	4	2	1	3	83	637634961	0	0.592537
0	-1	1	4	2	1	3	84	637634961	0	0.592537
0	-2	1	12	2	1	3	1	637635981	0	0.592537
0	-2	1	12	2	1	3	2	637635981	0	0.592537
0	-2	1	12	2	1	3	3	637635981	0	0.592537
0	-2	1	12	2	1	3	4	637635981	0	0.592537
0	-2	1	12	2	1	3	5	637635981	0	0.592537
0	-2	1	12	2	1	3	6	637635981	0	0.592537
0	-2	1	12	2	1	3	7	637635981	0	0.592537
0	-2	1	12	2	1	3	8	637635981	0	0.592537
0	-2	1	12	2	1	3	9	637635981	0	0.592537
0	-2	1	12	2	1	3	10	637635981	0	0.592537
0	-2	1	12	2	1	3	11	637635981	0	0.592537
0	-2	1	12	2	1	3	12	637635981	0	0.592537
0	-2	1	12	2	1	3	13	637635981	0	0.592537
0	-2	1	12	2	1	3	14	637635981	0	0.592537
0	-2	1	12	2	1	3	15	637635981	0	0.592537
0	-2	1	12	2	1	3	16	637635981	0	0.592537
0	-2	1	12	2	1	3	17	637635981	0	0.592537
0	-2	1	12	2	1	3	18	637635981	0	0.592537
0	-2	1	12	2	1	3	19	637635981	0	0.592537
0	-2	1	12	2	1	3	20	637635981	0	0.592537
0	-2	1	12	2	1	3	21	637635981	0	0.592537
0	-2	1	12	2	1	3	22	637635981	0	0.592537
0	-2	1	12	2	1	3	23	637635981	0	0.592537
0	-2	1	12	2	1	3	24	637635981	0	0.592537
0	-2	1	12	2	1	3	25	637635981	0	0.592537
0	-2	1	12	2	1	3	26	637635981	0	0.592537
0	-2	1	12	2	1	3	27	637635981	0	0.592537
0	-2	1	12	2	1	3	28	637635981	0	0.592537
0	-2	1	12	2	1	3	29	637635981	0	0.592537
0	-2	1	12	2	1	3	30	637635981	0	0.592537
0	-2	1	12	2	1	3	31	637635981	0	0.592537
0	-2	1	12	2	1	3	32	637635981	0	0.592537
0	-2	1	12	2	1	3	33	637635981	0	0.592537
0	-2	1	12	2	1	3	34	637635981	0	0.592537
0	-2	1	12	2	1	3	35	637635981	0	0.592537
0	-2	1	12	2	1	3	36	637635981	0	0.592537
0	-2	1	12	2	1	3	37	637635981	0	0.592537
0	-2	1	12	2	1	3	38	637635981	0	0.592537
0	-2	1	12	2	1	3	39	637635981	0	0.592537
0	-2	1	12	2	1	3	40	637635981	0	0.592537
0	-2	1	12	2	1	3	41	637635981	0	0.592537
0	-2	1	12	2	1	3	42	637635981	0	0.592537
0	-2	1	12	2	1	3	43	637635981	0	0.592537
0	-2	1	12	2	1	3	44	637635981	0	0.592537
0	-2	1	12	2	1	3	45	637635981	0	0.592537
0	-2	1	12	2	1	3	46	637635981	0	0.592537
0	-2	1	12	2	1	3	47	637635981	0	0.592537
0	-2	1	12	2	1	3	48	637635981	0	0.592537
0	-2	1	12	2	1	3	49	637635981	0	0.592537
0	-2	1	12	2	1	3	50	637635981	0	0.592537
0	-2	1	12	2	1	3	51	637635981	0	0.592537
0	-2	1	12	2	1	3	52	637635981	0	0.592537
0	-2	1	12	2	1	3	53	637635981	0	0.592537
0	-2	1	12	2	1	3	54	637635981	0	0.592537
0	-2	1	12	2	1	3	55	637635981	0	0.592537
0	-2	1	12	2	1	3	56	637635981	0	0.592537
0	-2	1	12	2	1	3	57	637635981	0	0.592537
0	-2	1	12	2	1	3	58	637635981	0	0.592537
0	-2	1	12	2	1	3	59	637635981	0	0.592537
0	-2	1	12	2	1	3	60	637635981	0	0.592537
0	-2	1	12	2	1	3	61	637635981	0	0.592537
0	-2	1	12	2	1	3	62	637635981	0	0.592537
0	-2	1	12	2	1	3	63	637635981	0	0.592537
0	-2	1	12	2	1	3	64	637635981	0	0.592537
0	-2	1	12	2	1	3	65	637635981	0	0.592537
0	-2	1	12	2	1	3	66	637635981	0	0.592537
0	-2	1	12	2	1	3	67	637635981	0	0.592537
0	-2	1	12	2	1	3	68	637635981	0	0.592537
0	-2	1	12	2	1	3	69	637635981	0	0.592537
0	-2	1	12	2	1	3	70	637635981	0	0.592537
0	-2	1	12	2	1	3	71	637635981	0	0.592537
0	-2	1	12	2	1	3	72	637635981	0	0.592537
0	-2	1	12	2	1	3	73	637635981	0	0.592537
0	-2	1	12	2	1	3	74	637635981	0	0.592537
0	-2	1	12	2	1	3	75	637635981	0	0.592537
0	-2	1	12	2	1	3	76	637635981	0	0.592537
0	-2	1	12	2	1	3	77	637635981	0	0.592537
0	-2	1	12	2	1	3	78	637635981	0	0.592537
0	-2	1	12	2	1	3	79	637635981	0	0.592537
0	-2	1	12	2	1	3	80	637635981	0	0.592537
0	-2	1	12	2	1	3	81	637635981	0	0.592537
0	-2	1	12	2	1	3	82	637635981	0	0.592537
0	-2	1	12	2	1	3	83	637635981	0	0.592537
0	-2	1	12	2	1	3	84	637635981	0	0.592537
0	-2	2	12	2	1	3	1	637636013	0	0.285307
0	-2	2	12	2	1	3	2	637636013	0	0.285307
0	-2	2	12	2	1	3	3	637636013	0	0.285307
0	-2	2	12	2	1	3	4	637636013	0	0.285307
0	-2	2	12	2	1	3	5	637636013	0	0.285307
0	-2	2	12	2	1	3	6	637636013	0	0.285307
0	-2	2	12	2	1	3	7	637636013	0	0.285307
0	-2	2	12	2	1	3	8	637636013	0	0.285307
0	-2	2	12	2	1	3	9	637636013	0	0.285307
0	-2	2	12	2	1	3	10	637636013	0	0.285307
0	-2	2	12	2	1	3	11	637636013	0	0.285307
0	-2	2	12	2	1	3	12	637636013	0	0.285307
0	-2	2	12	2	1	3	13	637636013	0	0.285307
0	-2	2	12	2	1	3	14	637636013	0	0.285307
0	-2	2	12	2	1	3	15	637636013	0	0.285307
0	-2	2	12	2	1	3	16	637636013	0	0.285307
0	-2	2	12	2	1	3	17	637636013	0	0.285307
0	-2	2	12	2	1	3	18	637636013	0	0.285307
0	-2	2	12	2	1	3	19	637636013	0	0.285307
0	-2	2	12	2	1	3	20	637636013	0	0.285307
0	-2	2	12	2	1	3	21	637636013	0	0.285307
0	-2	2	12	2	1	3	22	637636013	0	0.285307
0	-2	2	12	2	1	3	23	637636013	0	0.285307
0	-2	2	12	2	1	3	24	637636013	0	0.285307
0	-2	2	12	2	1	3	25	637636013	0	0.285307
0	-2	2	12	2	1	3	26	637636013	0	0.285307
0	-2	2	12	2	1	3	27	637636013	0	0.285307
0	-2	2	12	2	1	3	28	637636013	0	0.285307
0	-2	2	12	2	1	3	29	637636013	0	0.285307
0	-2	2	12	2	1	3	30	637636013	0	0.285307
0	-2	2	12	2	1	3	31	637636013	0	0.285307
0	-2	2	12	2	1	3	32	637636013	0	0.285307
0	-2	2	12	2	1	3	33	637636013	0	0.285307
0	-2	2	12	2	1	3	34	637636013	0	0.285307
0	-2	2	12	2	1	3	35	637636013	0	0.285307
0	-2	2	12	2	1	3	36	637636013	0	0.285307
0	-2	2	12	2	1	3	37	637636013	0	0.285307
0	-2	2	12	2	1	3	38	637636013	0	0.285307
0	-2	2	12	2	1	3	39	637636013	0	0.285307
0	-2	2	12	2	1	3	40	637636013	0	0.285307
0	-2	2	12	2	1	3	41	637636013	0	0.285307
0	-2	2	12	2	1	3	42	637636013	0	0.285307
0	-2	2	12	2	1	3	43	637636013	0	0.285307
0	-2	2	12	2	1	3	44	637636013	0	0.285307
0	-2	2	12	2	1	3	45	637636013	0	0.285307
0	-2	2	12	2	1	3	46	637636013	0	0.285307
0	-2	2	12	2	1	3	47	637636013	0	0.285307
0	-2	2	12	2	1	3	48	637636013	0	0.285307
0	-2	2	12	2	1	3	49	637636013	0	0.285307
0	-2	2	12	2	1	3	50	637636013	0	0.285307
0	-2	2	12	2	1	3	51	637636013	0	0.285307
0	-2	2	12	2	1	3	52	637636013	0	0.285307
0	-2	2	12	2	1	3	53	637636013	0	0.285307
0	-2	2	12	2	1	3	54	637636013	0	0.285307
0	-2	2	12	2	1	3	55	637636013	0	0.285307
0	-2	2	12	2	1	3	56	637636013	0	0.285307
0	-2	2	12	2	1	3	57	637636013	0	0.285307
0	-2	2	12	2	1	3	58	637636013	0	0.285307
0	-2	2	12	2	1	3	59	637636013	0	0.285307
0	-2	2	12	2	1	3	60	637636013	0	0.285307
0	-2	2	12	2	1	3	61	637636013	0	0.285307
0	-2	2	12	2	1	3	62	637636013	0	0.285307
0	-2	2	12	2	1	3	63	637636013	0	0.285307
0	-2	2	12	2	1	3	64	637636013	0	0.285307
0	-2	2	12	2	1	3	65	637636013	0	0.285307
0	-2	2	12	2	1	3	66	637636013	0	0.285307
0	-2	2	12	2	1	3	67	637636013	0	0.285307
0	-2	2	12	2	1	3	68	637636013	0	0.285307
0	-2	2	12	2	1	3	69	637636013	0	0.285307
0	-2	2	12	2	1	3	70	637636013	0	0.285307
0	-2	2	12	2	1	3	71	637636013	0	0.285307
0	-2	2	12	2	1	3	72	637636013	0	0.285307
0	-2	2	12	2	1	3	73	637636013	0	0.285307
0	-2	2	12	2	1	3	74	637636013	0	0.285307
0	-2	2	12	2	1	3	75	637636013	0	0.285307
0	-2	2	12	2	1	3	76	637636013	0	0.285307
0	-2	2	12	2	1	3	77	637636013	0	0.285307
0	-2	2	12	2	1	3	78	637636013	0	0.285307
0	-2	2	12	2	1	3	79	637636013	0	0.285307
0	-2	2	12	2	1	3	80	637636013	0	0.285307
0	-2	2	12	2	1	3	81	637636013	0	0.285307
0	-2	2	12	2	1	3	82	637636013	0	0.285307
0	-2	2	12	2	1	3	83	637636013	0	0.285307
0	-2	2	12	2	1	3	84	637636013	0	0.285307
0	0	2	12	2	1	3	1	637636021	0	0.194817
0	0	2	12	2	1	3	2	637636021	0	0.194817
0	0	2	12	2	1	3	3	637636021	0	0.194817
0	0	2	12	2	1	3	4	637636021	0	0.194817
0	0	2	12	2	1	3	5	637636021	0	0.194817
0	0	2	12	2	1	3	6	637636021	0	0.194817
0	0	2	12	2	1	3	7	637636021	0	0.194817
0	0	2	12	2	1	3	8	637636021	0	0.194817
0	0	2	12	2	1	3	9	637636021	0	0.194817
0	0	2	12	2	1	3	10	637636021	0	0.194817
0	0	2	12	2	1	3	11	637636021	0	0.194817
0	0	2	12	2	1	3	12	637636021	0	0.194817
0	0	2	12	2	1	3	13	637636021	0	0.194817
0	0	2	12	2	1	3	14	637636021	0	0.194817
0	0	2	12	2	1	3	15	637636021	0	0.194817
0	0	2	12	2	1	3	16	637636021	0	0.194817
0	0	2	12	2	1	3	17	637636021	0	0.194817
0	0	2	12	2	1	3	18	637636021	0	0.194817
0	0	2	12	2	1	3	19	637636021	0	0.194817
0	0	2	12	2	1	3	20	637636021	0	0.194817
0	0	2	12	2	1	3	21	637636021	0	0.194817
0	0	2	12	2	1	3	22	637636021	0	0.194817
0	0	2	12	2	1	3	23	637636021	0	0.194817
0	0	2	12	2	1	3	24	637636021	0	0.194817
0	0	2	12	2	1	3	25	637636021	0	0.194817
0	0	2	12	2	1	3	26	637636021	0	0.194817
0	0	2	12	2	1	3	27	637636021	0	0.194817
0	0	2	12	2	1	3	28	637636021	0	0.194817
0	0	2	12	2	1	3	29	637636021	0	0.194817
0	0	2	12	2	1	3	30	637636021	0	0.194817
0	0	2	12	2	1	3	31	637636021	0	0.194817
0	0	2	12	2	1	3	32	637636021	0	0.194817
0	0	2	12	2	1	3	33	637636021	0	0.194817
0	0	2	12	2	1	3	34	637636021	0	0.194817
0	0	2	12	2	1	3	35	637636021	0	0.194817
0	0	2	12	2	1	3	36	637636021	0	0.194817
0	0	2	12	2	1	3	37	637636021	0	0.194817
0	0	2	12	2	1	3	38	637636021	0	0.194817
0	0	2	12	2	1	3	39	637636021	0	0.194817
0	0	2	12	2	1	3	40	637636021	0	0.194817
0	0	2	12	2	1	3	41	637636021	0	0.194817
0	0	2	12	2	1	3	42	637636021	0	0.194817
0	0	2	12	2	1	3	43	637636021	0	0.194817
0	0	2	12	2	1	3	44	637636021	0	0.194817
0	0	2	12	2	1	3	45	637636021	0	0.194817
0	0	2	12	2	1	3	46	637636021	0	0.194817
0	0	2	12	2	1	3	47	637636021	0	0.194817
0	0	2	12	2	1	3	48	637636021	0	0.194817
0	0	2	12	2	1	3	49	637636021	0	0.194817
0	0	2	12	2	1	3	50	637636021	0	0.194817
0	0	2	12	2	1	3	51	637636021	0	0.194817
0	0	2	12	2	1	3	52	637636021	0	0.194817
0	0	2	12	2	1	3	53	637636021	0	0.194817
0	0	2	12	2	1	3	54	637636021	0	0.194817
0	0	2	12	2	1	3	55	637636021	0	0.194817
0	0	2	12	2	1	3	56	637636021	0	0.194817
0	0	2	12	2	1	3	57	637636021	0	0.194817
0	0	2	12	2	1	3	58	637636021	0	0.194817
0	0	2	12	2	1	3	59	637636021	0	0.194817
0	0	2	12	2	1	3	60	637636021	0	0.194817
0	0	2	12	2	1	3	61	637636021	0	0.194817
0	0	2	12	2	1	3	62	637636021	0	0.194817
0	0	2	12	2	1	3	63	637636021	0	0.194817
0	0	2	12	2	1	3	64	637636021	0	0.194817
0	0	2	12	2	1	3	65	637636021	0	0.194817
0	0	2	12	2	1	3	66	637636021	0	0.194817
0	0	2	12	2	1	3	67	637636021	0	0.194817
0	0	2	12	2	1	3	68	637636021	0	0.194817
0	0	2	12	2	1	3	69	637636021	0	0.194817
0	0	2	12	2	1	3	70	637636021	0	0.194817
0	0	2	12	2	1	3	71	637636021	0	0.194817
0	0	2	12	2	1	3	72	637636021	0	0.194817
0	0	2	12	2	1	3	73	637636021	0	0.194817
0	0	2	12	2	1	3	74	637636021	0	0.194817
0	0	2	12	2	1	3	75	637636021	0	0.194817
0	0	2	12	2	1	3	76	637636021	0	0.194817
0	0	2	12	2	1	3	77	637636021	0	0.194817
0	0	2	12	2	1	3	78	637636021	0	0.194817
0	0	2	12	2	1	3	79	637636021	0	0.194817
0	0	2	12	2	1	3	80	637636021	0	0.194817
0	0	2	12	2	1	3	81	637636021	0	0.194817
0	0	2	12	2	1	3	82	637636021	0	0.194817
0	0	2	12	2	1	3	83	637636021	0	0.194817
0	0	2	12	2	1	3	84	637636021	0	0.194817
1	3	1	3	1	2	3	1	637636874	0	0.195913
1	3	1	3	1	2	3	2	637636874	0	0.195913
1	3	1	3	1	2	3	3	637636874	0	0.195913
1	3	1	3	1	2	3	4	637636874	0	0.195913
1	3	1	3	1	2	3	5	637636874	0	0.195913
1	3	1	3	1	2	3	6	637636874	0	0.195913
1	3	1	3	1	2	3	7	637636874	0	0.195913
1	3	1	3	1	2	3	8	637636874	0	0.195913
1	3	1	3	1	2	3	9	637636874	0	0.195913
1	3	1	3	1	2	3	10	637636874	0	0.195913
1	3	1	3	1	2	3	11	637636874	0	0.195913
1	3	1	3	1	2	3	12	637636874	0	0.195913
1	3	1	3	1	2	3	13	637636874	0	0.195913
1	3	1	3	1	2	3	14	637636874	0	0.195913
1	3	1	3	1	2	3	15	637636874	0	0.195913
1	3	1	3	1	2	3	16	637636874	0	0.195913
1	3	1	3	1	2	3	17	637636874	0	0.195913
1	3	1	3	1	2	3	18	637636874	0	0.195913
1	3	1	3	1	2	3	19	637636874	0	0.195913
1	3	1	3	1	2	3	20	637636874	0	0.195913
1	3	1	3	1	2	3	21	637636874	0	0.195913
1	3	1	3	1	2	3	22	637636874	0	0.195913
1	3	1	3	1	2	3	23	637636874	0	0.195913
1	3	1	3	1	2	3	24	637636874	0	0.195913
1	3	1	3	1	2	3	25	637636874	0	0.195913
1	3	1	3	1	2	3	26	637636874	0	0.195913
1	3	1	3	1	2	3	27	637636874	0	0.195913
1	3	1	3	1	2	3	28	637636874	0	0.195913
1	3	1	3	1	2	3	29	637636874	0	0.195913
1	3	1	3	1	2	3	30	637636874	0	0.195913
1	3	1	3	1	2	3	31	637636874	0	0.195913
1	3	1	3	1	2	3	32	637636874	0	0.195913
0	-1	4	12	1	2	3	1	637638129	0	0.914415
0	-1	4	12	1	2	3	2	637638129	0	0.914415
0	-1	4	12	1	2	3	3	637638129	0	0.914415
0	-1	4	12	1	2	3	4	637638129	0	0.914415
0	-1	4	12	1	2	3	5	637638129	0	0.914415
0	-1	4	12	1	2	3	6	637638129	0	0.914415
0	-1	4	12	1	2	3	7	637638129	0	0.914415
0	-1	4	12	1	2	3	8	637638129	0	0.914415
0	-1	4	12	1	2	3	9	637638129	0	0.914415
0	-1	4	12	1	2	3	10	637638129	0	0.914415
0	-1	4	12	1	2	3	11	637638129	0	0.914415
0	-1	4	12	1	2	3	12	637638129	0	0.914415
0	-1	4	12	1	2	3	13	637638129	0	0.914415
0	-1	4	12	1	2	3	14	637638129	0	0.914415
0	-1	4	12	1	2	3	15	637638129	0	0.914415
0	-1	4	12	1	2	3	16	637638129	0	0.914415
0	-1	4	12	1	2	3	17	637638129	0	0.914415
0	-1	4	12	1	2	3	18	637638129	0	0.914415
0	-1	4	12	1	2	3	19	637638129	0	0.914415
0	-1	4	12	1	2	3	20	637638129	0	0.914415
0	-1	4	12	1	2	3	21	637638129	0	0.914415
0	-1	4	12	1	2	3	22	637638129	0	0.914415
0	-1	4	12	1	2	3	23	637638129	0	0.914415
0	-1	4	12	1	2	3	24	637638129	0	0.914415
0	-1	4	12	1	2	3	25	637638129	0	0.914415
0	-1	4	12	1	2	3	26	637638129	0	0.914415
0	-1	4	12	1	2	3	27	637638129	0	0.914415
0	-1	4	12	1	2	3	28	637638129	0	0.914415
0	-1	4	12	1	2	3	29	637638129	0	0.914415
0	-1	4	12	1	2	3	30	637638129	0	0.914415
0	-1	4	12	1	2	3	31	637638129	0	0.914415
0	-1	4	12	1	2	3	32	637638129	0	0.914415
0	-1	4	12	1	2	3	33	637638129	0	0.914415
0	-1	4	12	1	2	3	34	637638129	0	0.914415
0	-1	4	12	1	2	3	35	637638129	0	0.914415
0	-1	4	12	1	2	3	36	637638129	0	0.914415
0	-1	4	12	1	2	3	37	637638129	0	0.914415
0	-1	4	12	1	2	3	38	637638129	0	0.914415
0	-1	4	12	1	2	3	39	637638129	0	0.914415
0	-1	4	12	1	2	3	40	637638129	0	0.914415
0	-1	4	12	1	2	3	41	637638129	0	0.914415
0	-1	4	12	1	2	3	42	637638129	0	0.914415
0	-1	4	12	1	2	3	43	637638129	0	0.914415
0	-1	4	12	1	2	3	44	637638129	0	0.914415
0	-1	4	12	1	2	3	45	637638129	0	0.914415
0	-1	4	12	1	2	3	46	637638129	0	0.914415
0	-1	4	12	1	2	3	47	637638129	0	0.914415
0	-1	4	12	1	2	3	48	637638129	0	0.914415
1	2	1	3	1	3	3	1	637640966	0	0.940169
1	2	1	3	1	3	3	2	637640966	0	0.940169
1	2	1	3	1	3	3	3	637640966	0	0.940169
1	2	1	3	1	3	3	4	637640966	0	0.940169
1	2	1	3	1	3	3	5	637640966	0	0.940169
1	2	1	3	1	3	3	6	637640966	0	0.940169
1	2	1	3	1	3	3	7	637640966	0	0.940169
1	2	1	3	1	3	3	8	637640966	0	0.940169
1	2	1	3	1	3	3	9	637640966	0	0.940169
1	2	1	3	1	3	3	10	637640966	0	0.940169
1	2	1	3	1	3	3	11	637640966	0	0.940169
1	2	1	3	1	3	3	12	637640966	0	0.940169
1	2	1	3	1	3	3	13	637640966	0	0.940169
1	2	1	3	1	3	3	14	637640966	0	0.940169
1	2	1	3	1	3	3	15	637640966	0	0.940169
1	2	1	3	1	3	3	16	637640966	0	0.940169
1	2	1	3	1	3	3	17	637640966	0	0.940169
1	2	1	3	1	3	3	18	637640966	0	0.940169
1	2	1	3	1	3	3	19	637640966	0	0.940169
1	2	1	3	1	3	3	20	637640966	0	0.940169
1	2	1	3	1	3	3	21	637640966	0	0.940169
1	2	1	3	1	3	3	22	637640966	0	0.940169
1	2	1	3	1	3	3	23	637640966	0	0.940169
1	2	1	3	1	3	3	24	637640966	0	0.940169
1	2	1	3	1	3	3	25	637640966	0	0.940169
1	2	1	3	1	3	3	26	637640966	0	0.940169
1	2	1	3	1	3	3	27	637640966	0	0.940169
1	2	1	3	1	3	3	28	637640966	0	0.940169
1	2	1	3	1	3	3	29	637640966	0	0.940169
1	2	1	3	1	3	3	30	637640966	0	0.940169
1	2	1	3	1	3	3	31	637640966	0	0.940169
1	2	1	3	1	3	3	32	637640966	0	0.940169
-1	3	1	2	1	4	3	1	637644936	0	0.176194
-1	3	1	2	1	4	3	2	637644936	0	0.176194
-1	3	1	2	1	4	3	3	637644936	0	0.176194
-1	3	1	2	1	4	3	4	637644936	0	0.176194
-1	3	1	2	1	4	3	5	637644936	0	0.176194
-1	3	1	2	1	4	3	6	637644936	0	0.176194
-1	3	1	2	1	4	3	7	637644936	0	0.176194
-1	3	1	2	1	4	3	8	637644936	0	0.176194
-1	3	1	2	1	4	3	9	637644936	0	0.176194
-1	3	1	2	1	4	3	10	637644936	0	0.176194
-1	3	1	2	1	4	3	11	637644936	0	0.176194
-1	3	1	2	1	4	3	12	637644936	0	0.176194
-1	3	1	2	1	4	3	13	637644936	0	0.176194
-1	3	1	2	1	4	3	14	637644936	0	0.176194
-1	3	1	2	1	4	3	15	637644936	0	0.176194
-1	3	1	2	1	4	3	16	637644936	0	0.176194
-1	3	1	2	1	4	3	17	637644936	0	0.176194
-1	3	1	2	1	4	3	18	637644936	0	0.176194
-1	3	1	2	1	4	3	19	637644936	0	0.176194
-1	3	1	2	1	4	3	20	637644936	0	0.176194
-1	3	1	2	1	4	3	21	637644936	0	0.176194
-1	3	1	2	1	4	3	22	637644936	0	0.176194
-1	3	1	2	1	4	3	23	637644936	0	0.176194
-1	3	1	2	1	4	3	24	637644936	0	0.176194
-1	3	1	2	1	4	3	25	637644936	0	0.176194
-1	3	1	2	1	4	3	26	637644936	0	0.176194
-1	3	1	2	1	4	3	27	637644936	0	0.176194
-1	3	1	2	1	4	3	28	637644936	0	0.176194
-1	3	1	2	1	4	3	29	637644936	0	0.176194
-1	3	1	2	1	4	3	30	637644936	0	0.176194
-1	3	1	2	1	4	3	31	637644936	0	0.176194
-1	3	1	2	1	4	3	32	637644936	0	0.176194
1	2	1	2	1	5	3	1	637649030	0	0.585153
1	2	1	2	1	5	3	2	637649030	0	0.585153
1	2	1	2	1	5	3	3	637649030	0	0.585153
1	2	1	2	1	5	3	4	637649030	0	0.585153
1	2	1	2	1	5	3	5	637649030	0	0.585153
1	2	1	2	1	5	3	6	637649030	0	0.585153
1	2	1	2	1	5	3	7	637649030	0	0.585153
1	2	1	2	1	5	3	8	637649030	0	0.585153
1	2	1	2	1	5	3	9	637649030	0	0.585153
1	2	1	2	1	5	3	10	637649030	0	0.585153
1	2	1	2	1	5	3	11	637649030	0	0.585153
1	2	1	2	1	5	3	12	637649030	0	0.585153
1	2	1	2	1	5	3	13	637649030	0	0.585153
1	2	1	2	1	5	3	14	637649030	0	0.585153
1	2	1	2	1	5	3	15	637649030	0	0.585153
1	2	1	2	1	5	3	16	637649030	0	0.585153
1	2	1	2	1	5	3	17	637649030	0	0.585153
1	2	1	2	1	5	3	18	637649030	0	0.585153
1	2	1	2	1	5	3	19	637649030	0	0.585153
1	2	1	2	1	5	3	20	637649030	0	0.585153
1	2	1	2	1	5	3	21	637649030	0	0.585153
1	2	1	2	1	5	3	22	637649030	0	0.585153
1	2	1	2	1	5	3	23	637649030	0	0.585153
1	2	1	2	1	5	3	24	637649030	0	0.585153
1	2	1	2	1	5	3	25	637649030	0	0.585153
1	2	1	2	1	5	3	26	637649030	0	0.585153
1	2	1	2	1	5	3	27	637649030	0	0.585153
1	2	1	2	1	5	3	28	637649030	0	0.585153
1	2	1	2	1	5	3	29	637649030	0	0.585153
1	2	1	2	1	5	3	30	637649030	0	0.585153
1	2	1	2	1	5	3	31	637649030	0	0.585153
1	2	1	2	1	5	3	32	637649030	0	0.585153
1	2	1	6	1	6	3	1	637653638	0	0.896671
1	2	1	6	1	6	3	2	637653638	0	0.896671
1	2	1	6	1	6	3	3	637653638	0	0.896671
1	2	1	6	1	6	3	4	637653638	0	0.896671
1	2	1	6	1	6	3	5	637653638	0	0.896671
1	2	1	6	1	6	3	6	637653638	0	0.896671
1	2	1	6	1	6	3	7	637653638	0	0.896671
1	2	1	6	1	6	3	8	637653638	0	0.896671
1	2	1	6	1	6	3	9	637653638	0	0.896671
1	2	1	6	1	6	3	10	637653638	0	0.896671
1	2	1	6	1	6	3	11	637653638	0	0.896671
1	2	1	6	1	6	3	12	637653638	0	0.896671
1	2	1	6	1	6	3	13	637653638	0	0.896671
1	2	1	6	1	6	3	14	637653638	0	0.896671
1	2	1	6	1	6	3	15	637653638	0	0.896671
1	2	1	6	1	6	3	16	637653638	0	0.896671
1	2	1	6	1	6	3	17	637653638	0	0.896671
1	2	1	6	1	6	3	18	637653638	0	0.896671
1	2	1	6	1	6	3	19	637653638	0	0.896671
1	2	1	6	1	6	3	20	637653638	0	0.896671
1	2	1	6	1	6	3	21	637653638	0	0.896671
1	2	1	6	1	6	3	22	637653638	0	0.896671
1	2	1	6	1	6	3	23	637653638	0	0.896671
1	2	1	6	1	6	3	24	637653638	0	0.896671
1	2	1	6	1	6	3	25	637653638	0	0.896671
1	2	1	6	1	6	3	26	637653638	0	0.896671
1	2	1	6	1	6	3	27	637653638	0	0.896671
1	2	1	6	1	6	3	28	637653638	0	0.896671
1	2	1	6	1	6	3	29	637653638	0	0.896671
1	2	1	6	1	6	3	30	637653638	0	0.896671
1	2	1	6	1	6	3	31	637653638	0	0.896671
1	2	1	6	1	6	3	32	637653638	0	0.896671
